ID,Klimt_presence,Klimt_presence_audio,Klimt_gaze,Klimt_gaze_percent,Klimt_saccade_rate,Klimt_engagement,Klimt_valence,Klimt_emotions,van Dongen_presence,van Dongen_presence_audio,van Dongen_gaze,van Dongen_gaze_percent,van Dongen_saccade_rate,van Dongen_engagement,van Dongen_valence,van Dongen_emotions,Braque_presence,Braque_presence_audio,Braque_gaze,Braque_gaze_percent,Braque_saccade_rate,Braque_engagement,Braque_valence,Braque_emotions,Pollock_presence,Pollock_presence_audio,Pollock_gaze,Pollock_gaze_percent,Pollock_saccade_rate,Pollock_engagement,Pollock_valence,Pollock_emotions,de Chirico_presence,de Chirico_presence_audio,de Chirico_gaze,de Chirico_gaze_percent,de Chirico_saccade_rate,de Chirico_engagement,de Chirico_valence,de Chirico_emotions,Janco_presence,Janco_presence_audio,Janco_gaze,Janco_gaze_percent,Janco_saccade_rate,Janco_engagement,Janco_valence,Janco_emotions,Picasso_presence,Picasso_presence_audio,Picasso_gaze,Picasso_gaze_percent,Picasso_saccade_rate,Picasso_engagement,Picasso_valence,Picasso_emotions
101,83.23,95.67,73.47,88.27,0.61,Moderate Engagement,,"surprise,surprise,surprise,surprise,surprise,surprise,neutral,surprise,surprise,surprise,surprise,neutral,neutral,surprise,surprise,surprise,neutral,neutral,neutral,neutral,surprise,neutral,neutral,neutral,neutral,surprise,surprise,neutral,surprise,neutral,anger,neutral,neutral,neutral,neutral,neutral,neutral,neutral,neutral,neutral,anger,surprise",93.87,115.89,65.67,69.96,0.73,Moderate Engagement,,"neutral,neutral,neutral,surprise,neutral,surprise,neutral,neutral,neutral,neutral,surprise,neutral,neutral,neutral,neutral,neutral,anger,anger,anger,neutral,neutral,neutral,anger,neutral,neutral,neutral,neutral,neutral,neutral,neutral,neutral,neutral,neutral,surprise,anger,anger,neutral,neutral,neutral,neutral,neutral,neutral,neutral,neutral,neutral,neutral,neutral",82.83,110.44,67.68,81.71,0.66,Moderate Engagement,,"neutral,neutral,neutral,surprise,neutral,neutral,neutral,neutral,neutral,neutral,neutral,neutral,neutral,neutral,neutral,neutral,anger,neutral,neutral,neutral,neutral,anger,neutral,neutral,neutral,neutral,neutral,neutral,neutral,neutral,neutral,neutral,neutral,neutral,neutral,neutral,neutral,neutral,surprise,surprise,surprise,neutral",94.1,108.16,59.05,62.75,0.66,Moderate Engagement,,"neutral,anger,anger,anger,neutral,surprise,anger,anger,neutral,anger,anger,surprise,surprise,neutral,neutral,neutral,neutral,neutral,neutral,neutral,surprise,surprise,neutral,neutral,neutral,neutral,neutral,neutral,neutral,neutral,surprise,neutral,anger,neutral,neutral,neutral,neutral,neutral,neutral,neutral,neutral,neutral,neutral,neutral,neutral,neutral,neutral,neutral",55.13,114.85,40.88,74.15,0.39,High Engagement,,"surprise,neutral,neutral,neutral,surprise,surprise,surprise,neutral,neutral,neutral,neutral,neutral,surprise,neutral,neutral,neutral,neutral,neutral,neutral,neutral,neutral,neutral,neutral,neutral,neutral,neutral,neutral,surprise",82.58,127.05,65.52,79.34,1.63,Low Engagement,,"surprise,surprise,neutral,surprise,neutral,neutral,neutral,surprise,neutral,neutral,neutral,neutral,neutral,surprise,neutral,neutral,neutral,neutral,neutral,neutral,neutral,neutral,neutral,neutral,neutral,anger,surprise,neutral,neutral,neutral,neutral,neutral,neutral,neutral,neutral,neutral,neutral,neutral,neutral,anger,neutral,neutral",58.1,96.83,45.32,78.0,0.73,Moderate Engagement,,"surprise,surprise,neutral,neutral,neutral,neutral,neutral,neutral,neutral,neutral,neutral,neutral,neutral,neutral,neutral,neutral,neutral,neutral,neutral,neutral,neutral,neutral,neutral,neutral,neutral,neutral,neutral,neutral,neutral,neutral"
102,67.7,77.82,47.35,69.94,0.91,Moderate Engagement,,"sadness,neutral,neutral,neutral,neutral,neutral,surprise,surprise,surprise,surprise,surprise,neutral,anger,anger,neutral,anger,neutral,neutral,anger,neutral,neutral,surprise,anger,anger,anger,surprise,neutral,neutral,neutral,neutral,neutral,neutral,neutral,surprise",37.97,46.88,20.33,53.54,1.87,Low Engagement,,"neutral,neutral,neutral,neutral,neutral,neutral,neutral,neutral,surprise,neutral,neutral,neutral,neutral,neutral,surprise,neutral,neutral,neutral,neutral",72.33,96.44,48.73,67.37,0.53,Moderate Engagement,,"sadness,neutral,neutral,neutral,neutral,neutral,neutral,neutral,neutral,neutral,neutral,neutral,neutral,neutral,neutral,neutral,neutral,sadness,sadness,sadness,anger,anger,anger,neutral,anger,neutral,neutral,neutral,neutral,neutral,anger,neutral,neutral,neutral,neutral,neutral,surprise",96.75,111.21,36.28,37.5,0.96,Moderate Engagement,,"surprise,surprise,neutral,neutral,neutral,neutral,neutral,neutral,neutral,neutral,neutral,neutral,neutral,neutral,neutral,neutral,neutral,neutral,sadness,surprise,anger,neutral,neutral,neutral,neutral,neutral,neutral,anger,neutral,neutral,neutral,neutral,neutral,neutral,neutral,neutral,neutral,neutral,neutral,neutral,neutral,neutral,neutral,neutral,neutral,neutral,neutral,surprise,neutral",46.5,96.88,27.33,58.77,0.73,Moderate Engagement,,"neutral,neutral,neutral,neutral,neutral,neutral,neutral,neutral,neutral,sadness,neutral,neutral,neutral,neutral,neutral,neutral,neutral,neutral,neutral,neutral,joy,neutral,neutral,neutral",69.77,107.34,58.87,84.38,0.44,High Engagement,,"neutral,neutral,neutral,neutral,neutral,neutral,neutral,neutral,neutral,neutral,neutral,neutral,neutral,neutral,neutral,neutral,surprise,neutral,neutral,neutral,neutral,neutral,neutral,neutral,neutral,neutral,neutral,neutral,neutral,neutral,neutral,neutral,neutral,neutral,surprise",59.12,98.53,51.12,86.47,0.33,High Engagement,,"neutral,joy,neutral,neutral,neutral,neutral,neutral,neutral,neutral,neutral,anger,neutral,neutral,anger,anger,neutral,neutral,neutral,neutral,neutral,neutral,neutral,neutral,neutral,neutral,neutral,neutral,neutral,neutral,neutral"
103,6.8,7.82,2.3,33.82,7.83,Low Engagement,,"neutral,neutral,neutral,neutral",61.95,76.48,49.45,79.82,0.26,High Engagement,,"neutral,neutral,neutral,neutral,neutral,neutral,neutral,neutral,neutral,neutral,neutral,neutral,neutral,neutral,neutral,neutral,neutral,neutral,neutral,neutral,neutral,neutral,neutral,anger,neutral,neutral,neutral,neutral,neutral,neutral,neutral",24.98,33.31,20.98,83.99,0.81,Moderate Engagement,,"neutral,neutral,neutral,neutral,anger,surprise,surprise,anger,anger,neutral,surprise,neutral,neutral",77.62,89.22,64.82,83.51,0.2,High Engagement,,"neutral,neutral,neutral,neutral,neutral,neutral,surprise,neutral,neutral,neutral,neutral,neutral,anger,neutral,neutral,neutral,neutral,neutral,neutral,neutral,neutral,neutral,neutral,neutral,neutral,neutral,neutral,neutral,neutral,neutral,neutral,neutral,neutral,neutral,neutral,neutral,neutral,neutral,neutral",45.15,94.06,37.65,83.39,0.4,High Engagement,,"neutral,neutral,neutral,neutral,neutral,neutral,neutral,surprise,neutral,neutral,neutral,neutral,neutral,neutral,neutral,anger,neutral,neutral,neutral,neutral,neutral,neutral,neutral",57.3,88.15,50.23,87.66,1.25,Moderate Engagement,,"neutral,neutral,neutral,neutral,neutral,neutral,neutral,surprise,surprise,neutral,neutral,neutral,neutral,joy,neutral,neutral,neutral,neutral,neutral,neutral,neutral,neutral,neutral,neutral,neutral,neutral,neutral,neutral,neutral",54.7,91.17,50.0,91.41,0.36,High Engagement,,"neutral,neutral,surprise,surprise,neutral,surprise,surprise,neutral,neutral,surprise,neutral,neutral,neutral,neutral,surprise,surprise,neutral,neutral,neutral,neutral,neutral,neutral,neutral,neutral,neutral,neutral,neutral,neutral"
104,88.55,101.78,77.47,87.49,0.13,High Engagement,,"surprise,neutral,neutral,neutral,neutral,neutral,neutral,neutral,neutral,neutral,surprise,surprise,neutral,surprise,neutral,neutral,neutral,neutral,neutral,surprise,surprise,anger,neutral,neutral,neutral,neutral,neutral,neutral,neutral,neutral,neutral,neutral,neutral,neutral,neutral,neutral,surprise,neutral,neutral,anger,neutral,neutral,neutral,neutral,surprise",79.22,97.8,62.4,78.77,0.22,High Engagement,,"neutral,neutral,neutral,neutral,neutral,neutral,neutral,neutral,neutral,neutral,neutral,anger,neutral,neutral,neutral,neutral,anger,neutral,neutral,anger,neutral,neutral,neutral,neutral,neutral,neutral,neutral,neutral,neutral,neutral,neutral,neutral,neutral,neutral,neutral,neutral,neutral,neutral,neutral,neutral",5.0,6.67,2.68,53.6,6.34,Low Engagement,,"neutral,neutral,neutral",88.48,101.7,71.3,80.58,0.1,High Engagement,,"neutral,surprise,neutral,neutral,anger,neutral,neutral,neutral,anger,anger,neutral,neutral,neutral,anger,anger,neutral,neutral,neutral,anger,neutral,anger,neutral,neutral,neutral,neutral,neutral,neutral,neutral,neutral,neutral,neutral,neutral,neutral,neutral,neutral,neutral,neutral,neutral,neutral,anger,neutral,neutral,neutral,neutral,neutral",51.43,107.15,38.27,74.41,0.5,High Engagement,,"neutral,neutral,neutral,neutral,neutral,neutral,neutral,neutral,neutral,neutral,neutral,neutral,neutral,neutral,anger,neutral,surprise,surprise,neutral,neutral,neutral,neutral,neutral,neutral,neutral,neutral",113.08,173.97,99.95,88.39,0.37,High Engagement,,"neutral,anger,anger,neutral,neutral,neutral,neutral,neutral,neutral,neutral,neutral,neutral,neutral,neutral,surprise,neutral,neutral,neutral,neutral,neutral,neutral,neutral,surprise,neutral,neutral,neutral,neutral,neutral,neutral,neutral,neutral,neutral,neutral,neutral,neutral,neutral,neutral,neutral,neutral,neutral,neutral,neutral,neutral,neutral,anger,neutral,neutral,neutral,neutral,neutral,neutral,surprise,anger,neutral,neutral,neutral,neutral",13.37,22.28,10.27,76.81,1.75,Low Engagement,,"neutral,neutral,neutral,neutral,neutral,neutral,neutral"
105,78.77,90.54,41.92,53.22,2.17,Low Engagement,,"neutral,surprise,neutral,surprise,neutral,neutral,surprise,surprise,surprise,neutral,neutral,surprise,neutral,neutral,neutral,neutral,neutral,surprise,neutral,neutral,neutral,anger,neutral,surprise,anger,neutral,neutral,neutral,surprise,neutral,neutral,neutral,neutral,neutral,neutral,neutral,neutral,surprise,surprise,neutral",74.68,92.2,21.05,28.19,2.85,Low Engagement,,"neutral,neutral,neutral,neutral,neutral,neutral,neutral,neutral,neutral,neutral,neutral,surprise,surprise,neutral,neutral,anger,anger,neutral,anger,anger,anger,neutral,neutral,neutral,anger,neutral,neutral,neutral,neutral,neutral,neutral,neutral,neutral,neutral,neutral,surprise,neutral,neutral",67.43,89.91,28.32,42.0,2.79,Low Engagement,,"neutral,neutral,neutral,neutral,neutral,neutral,neutral,anger,neutral,anger,anger,neutral,neutral,neutral,neutral,neutral,neutral,neutral,neutral,neutral,anger,anger,anger,neutral,anger,neutral,neutral,surprise,anger,neutral,anger,neutral,neutral,neutral",79.48,91.36,32.15,40.45,1.34,Moderate Engagement,,"neutral,neutral,surprise,neutral,surprise,neutral,neutral,neutral,surprise,neutral,neutral,anger,surprise,surprise,surprise,neutral,neutral,neutral,neutral,neutral,neutral,neutral,neutral,neutral,neutral,neutral,neutral,neutral,neutral,surprise,neutral,neutral,neutral,neutral,neutral,neutral,neutral,neutral,neutral,surprise",50.12,104.42,17.72,35.36,2.54,Low Engagement,,"neutral,neutral,neutral,anger,surprise,anger,neutral,surprise,surprise,neutral,neutral,neutral,neutral,neutral,neutral,surprise,neutral,neutral,neutral,neutral,neutral,neutral,neutral,neutral,neutral,neutral",61.32,94.34,25.57,41.7,2.7,Low Engagement,,"neutral,anger,neutral,neutral,surprise,neutral,neutral,neutral,neutral,neutral,neutral,neutral,neutral,neutral,neutral,neutral,neutral,neutral,neutral,neutral,neutral,neutral,neutral,neutral,neutral,neutral,neutral,neutral,neutral,surprise,neutral",51.05,85.08,36.33,71.17,0.83,Moderate Engagement,,"neutral,neutral,neutral,neutral,neutral,anger,neutral,neutral,neutral,neutral,neutral,neutral,neutral,neutral,neutral,neutral,neutral,anger,neutral,neutral,neutral,neutral,neutral,neutral,neutral,neutral"
106,22.53,25.9,15.28,67.82,1.57,Low Engagement,,"neutral,neutral,neutral,neutral,neutral,neutral,neutral,neutral,neutral,neutral,neutral,neutral",11.62,14.35,7.23,62.22,1.66,Low Engagement,,"neutral,neutral,neutral,neutral,neutral,neutral",25.4,33.87,15.0,59.06,1.53,Low Engagement,,"neutral,neutral,neutral,neutral,neutral,neutral,neutral,neutral,neutral,neutral,neutral,neutral,neutral",79.95,91.9,68.32,85.45,0.15,High Engagement,,"neutral,neutral,neutral,neutral,neutral,neutral,neutral,neutral,neutral,neutral,neutral,neutral,neutral,neutral,neutral,neutral,neutral,neutral,neutral,neutral,neutral,anger,neutral,neutral,neutral,neutral,neutral,neutral,neutral,neutral,anger,anger,neutral,neutral,neutral,neutral,neutral,neutral,neutral,neutral",23.35,48.65,18.1,77.52,0.44,High Engagement,,"neutral,neutral,neutral,neutral,neutral,neutral,neutral,neutral,neutral,neutral,neutral,neutral",48.07,73.95,38.13,79.32,1.02,Moderate Engagement,,"neutral,neutral,neutral,neutral,neutral,neutral,anger,neutral,neutral,surprise,neutral,neutral,neutral,neutral,neutral,neutral,neutral,neutral,neutral,neutral,neutral,neutral,neutral,neutral,neutral",55.93,93.22,47.05,84.12,0.6,Moderate Engagement,,"neutral,neutral,neutral,anger,neutral,neutral,neutral,neutral,neutral,neutral,neutral,neutral,neutral,neutral,neutral,neutral,anger,neutral,neutral,anger,neutral,neutral,neutral,neutral,neutral,neutral,neutral,neutral"
107,83.5,95.98,73.45,87.96,0.5,High Engagement,,"joy,joy,neutral,surprise,surprise,surprise,surprise,joy,surprise,surprise,surprise,surprise,surprise,neutral,surprise,joy,sadness,surprise,surprise,neutral,surprise,neutral,anger,neutral,neutral,joy,surprise,surprise,surprise,neutral,neutral,neutral,surprise,surprise,surprise,surprise,surprise,neutral,anger,neutral,joy,neutral",75.98,93.8,66.53,87.56,0.84,Moderate Engagement,,"joy,joy,joy,joy,surprise,joy,neutral,neutral,neutral,anger,neutral,neutral,neutral,neutral,neutral,neutral,neutral,neutral,neutral,neutral,neutral,surprise,surprise,neutral,neutral,neutral,neutral,neutral,neutral,neutral,neutral,neutral,neutral,neutral,neutral,neutral,neutral,neutral",69.03,92.04,47.02,68.12,0.79,Moderate Engagement,,"neutral,neutral,neutral,neutral,neutral,neutral,neutral,neutral,neutral,neutral,neutral,neutral,neutral,neutral,neutral,neutral,surprise,surprise,joy,neutral,neutral,neutral,surprise,neutral,neutral,neutral,neutral,neutral,neutral,neutral,neutral,anger,neutral,neutral,neutral",83.75,96.26,61.7,73.67,0.86,Moderate Engagement,,"neutral,neutral,neutral,neutral,neutral,surprise,neutral,neutral,neutral,neutral,neutral,anger,neutral,anger,anger,neutral,joy,joy,surprise,joy,joy,neutral,neutral,neutral,surprise,surprise,neutral,surprise,neutral,neutral,neutral,surprise,surprise,neutral,anger,neutral,neutral,neutral,neutral,joy,joy,joy",44.53,92.77,35.42,79.54,0.4,High Engagement,,"neutral,neutral,neutral,neutral,neutral,neutral,neutral,neutral,neutral,neutral,neutral,neutral,neutral,neutral,anger,neutral,neutral,neutral,surprise,surprise,neutral,neutral,neutral",68.8,105.85,54.27,78.88,1.84,Low Engagement,,"neutral,neutral,neutral,neutral,neutral,neutral,neutral,neutral,neutral,neutral,neutral,neutral,neutral,neutral,neutral,surprise,neutral,neutral,neutral,neutral,anger,anger,neutral,neutral,neutral,neutral,neutral,neutral,neutral,neutral,neutral,sadness,surprise,neutral,neutral",54.33,90.55,44.6,82.09,0.52,Moderate Engagement,,"neutral,neutral,neutral,neutral,anger,neutral,neutral,surprise,neutral,neutral,neutral,neutral,neutral,surprise,surprise,surprise,surprise,surprise,neutral,neutral,neutral,neutral,neutral,neutral,anger,anger,neutral,neutral"
108,86.2,99.08,75.47,87.55,0.33,High Engagement,,"joy,joy,joy,joy,joy,joy,joy,joy,joy,joy,joy,joy,joy,joy,joy,joy,joy,joy,joy,joy,joy,joy,joy,joy,joy,joy,joy,joy,joy,joy,joy,joy,joy,joy,joy,joy,joy,joy,joy,joy,joy,joy,joy,joy",80.5,99.38,48.98,60.84,0.86,Moderate Engagement,,"joy,joy,joy,joy,joy,joy,joy,neutral,neutral,neutral,joy,joy,neutral,neutral,neutral,neutral,neutral,neutral,neutral,anger,neutral,joy,anger,anger,anger,neutral,neutral,anger,anger,anger,anger,neutral,neutral,joy,joy,joy,joy,joy,joy,neutral,joy",74.13,98.84,41.08,55.42,0.68,Moderate Engagement,,"neutral,joy,joy,joy,joy,joy,joy,joy,joy,joy,joy,joy,neutral,anger,anger,anger,neutral,joy,neutral,neutral,joy,joy,joy,anger,anger,anger,joy,anger,joy,joy,joy,joy,joy,neutral,joy,joy,neutral,neutral",88.47,101.69,58.83,66.5,0.53,Moderate Engagement,,"joy,joy,joy,joy,joy,joy,joy,joy,joy,joy,joy,joy,joy,joy,joy,joy,joy,joy,joy,joy,joy,joy,joy,joy,joy,joy,joy,joy,joy,joy,joy,joy,joy,joy,joy,joy,joy,joy,joy,joy,joy,joy,joy,neutral,joy",50.15,104.48,26.5,52.84,1.17,Moderate Engagement,,"joy,joy,joy,joy,joy,joy,surprise,surprise,neutral,anger,anger,anger,anger,surprise,surprise,anger,joy,surprise,surprise,anger,anger,anger,anger,anger,joy,neutral",69.32,106.65,51.68,74.55,0.85,Moderate Engagement,,"joy,joy,joy,anger,surprise,joy,joy,joy,joy,joy,joy,joy,joy,joy,joy,joy,joy,joy,joy,joy,joy,joy,joy,joy,joy,joy,joy,joy,joy,joy,joy,joy,neutral,joy,surprise",56.68,94.47,45.12,79.6,0.55,Moderate Engagement,,"neutral,joy,joy,joy,joy,joy,joy,joy,joy,joy,joy,joy,joy,joy,joy,joy,joy,joy,joy,joy,surprise,surprise,surprise,surprise,surprise,sadness,joy,surprise,surprise"
109,80.27,92.26,56.98,70.99,1.35,Moderate Engagement,,"neutral,surprise,surprise,surprise,surprise,surprise,surprise,neutral,surprise,surprise,surprise,neutral,surprise,neutral,neutral,surprise,surprise,surprise,neutral,surprise,neutral,neutral,neutral,neutral,neutral,neutral,neutral,neutral,neutral,neutral,neutral,neutral,surprise,neutral,neutral,neutral,neutral,neutral,neutral,surprise,neutral",71.33,88.06,34.02,47.69,1.12,Moderate Engagement,,"neutral,surprise,neutral,neutral,neutral,neutral,neutral,neutral,neutral,neutral,neutral,neutral,neutral,neutral,neutral,neutral,neutral,neutral,neutral,surprise,surprise,surprise,neutral,neutral,neutral,neutral,neutral,neutral,surprise,surprise,neutral,neutral,neutral,neutral,neutral,neutral",64.45,85.93,49.72,77.15,1.25,Moderate Engagement,,"surprise,neutral,neutral,neutral,neutral,neutral,neutral,neutral,neutral,neutral,neutral,neutral,neutral,surprise,surprise,neutral,neutral,neutral,neutral,neutral,neutral,neutral,neutral,neutral,surprise,neutral,neutral,neutral,neutral,neutral,neutral,neutral,neutral",76.35,87.76,48.9,64.05,0.92,Moderate Engagement,,"neutral,neutral,neutral,surprise,surprise,neutral,neutral,neutral,neutral,neutral,neutral,neutral,neutral,neutral,neutral,neutral,neutral,surprise,neutral,neutral,neutral,neutral,neutral,neutral,neutral,neutral,neutral,neutral,neutral,neutral,neutral,neutral,neutral,neutral,surprise,surprise,neutral,surprise,neutral",44.43,92.56,31.13,70.07,1.28,Moderate Engagement,,"surprise,neutral,surprise,neutral,neutral,neutral,neutral,neutral,neutral,neutral,neutral,neutral,neutral,neutral,neutral,neutral,neutral,neutral,neutral,neutral,neutral,neutral,neutral",60.23,92.66,46.57,77.32,1.27,Moderate Engagement,,"surprise,surprise,neutral,surprise,neutral,surprise,neutral,neutral,surprise,surprise,surprise,surprise,neutral,neutral,neutral,neutral,neutral,neutral,neutral,neutral,surprise,surprise,neutral,neutral,neutral,neutral,neutral,neutral,neutral,neutral,surprise",53.85,89.75,45.85,85.14,1.0,Moderate Engagement,,"neutral,surprise,neutral,neutral,neutral,neutral,surprise,neutral,neutral,neutral,neutral,neutral,neutral,neutral,neutral,neutral,neutral,neutral,neutral,neutral,neutral,neutral,neutral,neutral,neutral,neutral,neutral"
110,92.22,106.0,76.15,82.57,0.71,Moderate Engagement,,"joy,joy,joy,joy,joy,joy,joy,joy,joy,joy,joy,joy,joy,joy,joy,joy,joy,joy,joy,joy,joy,joy,joy,joy,joy,joy,joy,joy,joy,joy,joy,joy,joy,joy,joy,joy,joy,joy,joy,joy,joy,neutral,joy,joy,joy,joy,joy",79.2,97.78,49.9,63.01,0.2,High Engagement,,"joy,joy,joy,joy,neutral,joy,joy,joy,joy,neutral,joy,joy,joy,joy,joy,joy,neutral,neutral,neutral,neutral,neutral,joy,neutral,neutral,neutral,neutral,anger,anger,anger,neutral,neutral,neutral,anger,anger,anger,neutral,neutral,neutral,neutral,joy",78.0,104.0,46.0,58.97,0.3,High Engagement,,"joy,joy,joy,joy,joy,joy,joy,joy,neutral,joy,neutral,neutral,neutral,neutral,neutral,neutral,neutral,neutral,neutral,neutral,neutral,neutral,neutral,neutral,neutral,neutral,neutral,neutral,neutral,neutral,neutral,neutral,joy,neutral,neutral,neutral,neutral,joy,joy",88.7,101.95,52.48,59.17,0.78,Moderate Engagement,,"joy,joy,joy,joy,joy,joy,joy,joy,joy,joy,joy,joy,joy,joy,joy,joy,joy,joy,joy,joy,neutral,neutral,neutral,neutral,joy,neutral,joy,joy,neutral,joy,joy,joy,joy,joy,joy,joy,joy,joy,joy,joy,joy,neutral,joy,joy,neutral",48.23,100.48,35.47,73.54,0.17,High Engagement,,"joy,joy,joy,neutral,neutral,neutral,neutral,neutral,neutral,neutral,neutral,neutral,neutral,neutral,neutral,neutral,neutral,neutral,neutral,neutral,neutral,neutral,neutral,neutral,neutral",75.6,116.31,49.33,65.25,0.55,Moderate Engagement,,"joy,joy,joy,joy,joy,joy,joy,joy,neutral,neutral,neutral,neutral,neutral,neutral,neutral,neutral,neutral,neutral,neutral,neutral,neutral,neutral,neutral,neutral,neutral,neutral,neutral,neutral,neutral,neutral,neutral,neutral,neutral,neutral,neutral,anger,neutral,neutral",55.97,93.28,47.22,84.37,0.17,High Engagement,,"neutral,neutral,neutral,neutral,neutral,neutral,neutral,neutral,neutral,neutral,neutral,neutral,neutral,neutral,neutral,neutral,neutral,neutral,neutral,neutral,neutral,neutral,neutral,neutral,neutral,neutral,neutral,neutral"
111,93.68,107.68,86.95,92.82,0.28,High Engagement,,"neutral,joy,joy,anger,neutral,neutral,neutral,neutral,neutral,neutral,neutral,anger,neutral,neutral,neutral,neutral,neutral,neutral,neutral,neutral,neutral,neutral,neutral,neutral,neutral,neutral,neutral,neutral,neutral,neutral,neutral,neutral,neutral,neutral,neutral,neutral,neutral,neutral,neutral,neutral,neutral,neutral,anger,anger,anger,anger,neutral",80.28,99.11,73.2,91.18,0.16,High Engagement,,"neutral,neutral,neutral,neutral,neutral,neutral,neutral,neutral,neutral,neutral,neutral,neutral,neutral,anger,neutral,neutral,neutral,neutral,neutral,neutral,anger,neutral,neutral,neutral,neutral,neutral,neutral,neutral,neutral,neutral,neutral,neutral,neutral,neutral,neutral,neutral,neutral,neutral,neutral,neutral,neutral",76.03,101.37,55.65,73.19,0.31,High Engagement,,"neutral,neutral,neutral,neutral,neutral,neutral,neutral,neutral,neutral,neutral,neutral,neutral,neutral,neutral,neutral,neutral,neutral,neutral,neutral,neutral,neutral,neutral,neutral,neutral,neutral,neutral,neutral,neutral,neutral,neutral,neutral,neutral,neutral,neutral,neutral,neutral,neutral,neutral,neutral",92.32,106.11,47.0,50.91,0.3,High Engagement,,"neutral,neutral,neutral,neutral,neutral,neutral,neutral,neutral,anger,neutral,neutral,neutral,neutral,neutral,neutral,neutral,neutral,neutral,neutral,neutral,neutral,neutral,neutral,neutral,neutral,anger,neutral,neutral,neutral,neutral,neutral,neutral,neutral,neutral,neutral,neutral,neutral,neutral,neutral,neutral,neutral,neutral,neutral,neutral,neutral,neutral,neutral",46.73,97.35,33.27,71.2,0.42,High Engagement,,"neutral,neutral,neutral,neutral,neutral,neutral,neutral,neutral,neutral,neutral,neutral,neutral,neutral,neutral,neutral,neutral,neutral,neutral,neutral,neutral,neutral,neutral,neutral,neutral",74.75,115.0,60.95,81.54,0.33,High Engagement,,"neutral,anger,neutral,neutral,neutral,neutral,neutral,neutral,neutral,neutral,neutral,neutral,neutral,neutral,neutral,neutral,neutral,neutral,neutral,neutral,neutral,neutral,neutral,neutral,neutral,neutral,neutral,neutral,neutral,neutral,neutral,neutral,neutral,neutral,neutral,neutral,neutral,neutral",25.02,41.7,20.77,83.01,0.24,High Engagement,,"neutral,neutral,neutral,neutral,neutral,neutral,neutral,neutral,neutral,neutral,neutral,neutral,neutral"
112,83.6,96.09,68.02,81.36,1.25,Moderate Engagement,,"neutral,anger,anger,neutral,surprise,neutral,surprise,neutral,neutral,neutral,neutral,neutral,surprise,neutral,neutral,neutral,neutral,surprise,neutral,neutral,neutral,neutral,neutral,neutral,neutral,neutral,neutral,neutral,surprise,neutral,neutral,neutral,neutral,anger,neutral,neutral,neutral,neutral,neutral,neutral,joy,anger",76.93,94.98,47.97,62.36,0.54,Moderate Engagement,,"joy,anger,neutral,neutral,neutral,anger,anger,neutral,neutral,neutral,neutral,neutral,surprise,neutral,neutral,neutral,neutral,neutral,neutral,neutral,neutral,neutral,neutral,neutral,neutral,neutral,neutral,neutral,neutral,neutral,neutral,neutral,neutral,neutral,neutral,neutral,neutral,neutral,neutral",68.95,91.93,46.62,67.61,0.92,Moderate Engagement,,"surprise,neutral,neutral,anger,anger,neutral,neutral,neutral,neutral,neutral,neutral,neutral,neutral,neutral,neutral,anger,neutral,neutral,neutral,neutral,neutral,neutral,neutral,neutral,neutral,neutral,neutral,neutral,neutral,neutral,neutral,neutral,neutral,neutral,neutral",69.7,80.11,49.2,70.59,1.06,Moderate Engagement,,"joy,neutral,neutral,neutral,neutral,neutral,neutral,neutral,neutral,neutral,neutral,neutral,neutral,neutral,neutral,neutral,neutral,neutral,neutral,neutral,neutral,anger,neutral,neutral,neutral,neutral,neutral,neutral,neutral,neutral,neutral,neutral,surprise,anger,neutral",48.82,101.71,37.48,76.77,0.21,High Engagement,,"anger,anger,neutral,neutral,anger,neutral,neutral,neutral,neutral,neutral,neutral,neutral,neutral,neutral,neutral,neutral,neutral,neutral,neutral,neutral,neutral,neutral,neutral,neutral,neutral",67.35,103.62,58.42,86.74,1.34,Moderate Engagement,,"neutral,neutral,neutral,anger,surprise,neutral,neutral,anger,neutral,neutral,neutral,anger,neutral,neutral,neutral,neutral,neutral,surprise,anger,neutral,neutral,anger,neutral,neutral,anger,neutral,neutral,neutral,surprise,neutral,anger,anger,anger,neutral",57.0,95.0,51.05,89.56,0.08,High Engagement,,"neutral,neutral,neutral,neutral,neutral,neutral,neutral,neutral,surprise,anger,anger,neutral,neutral,neutral,neutral,anger,neutral,neutral,neutral,neutral,neutral,neutral,surprise,neutral,neutral,neutral,anger,neutral,neutral"
113,17.23,19.8,9.1,52.81,0.88,Moderate Engagement,,"neutral,neutral,surprise,neutral,neutral,neutral,neutral,neutral,neutral",75.05,92.65,52.22,69.58,0.57,Moderate Engagement,,"neutral,neutral,neutral,neutral,neutral,neutral,neutral,neutral,neutral,neutral,anger,neutral,neutral,neutral,neutral,neutral,neutral,neutral,neutral,neutral,neutral,neutral,neutral,neutral,neutral,neutral,neutral,neutral,neutral,neutral,neutral,neutral,neutral,neutral,neutral,neutral,neutral,neutral",11.48,15.31,6.32,55.05,4.75,Low Engagement,,"neutral,neutral,neutral,neutral,neutral,neutral",85.5,98.28,50.37,58.91,0.54,Moderate Engagement,,"neutral,joy,neutral,neutral,neutral,neutral,neutral,neutral,neutral,neutral,neutral,neutral,surprise,neutral,neutral,neutral,neutral,neutral,neutral,neutral,neutral,neutral,neutral,neutral,neutral,neutral,neutral,neutral,neutral,neutral,neutral,neutral,neutral,neutral,neutral,neutral,neutral,neutral,neutral,neutral,neutral,neutral,surprise",49.6,103.33,39.52,79.68,0.33,High Engagement,,"neutral,neutral,neutral,neutral,neutral,neutral,neutral,neutral,neutral,neutral,neutral,neutral,neutral,neutral,neutral,neutral,neutral,neutral,neutral,neutral,neutral,neutral,neutral,neutral,surprise",63.58,97.82,56.58,88.99,0.34,High Engagement,,"surprise,neutral,surprise,neutral,surprise,neutral,neutral,neutral,neutral,neutral,neutral,neutral,neutral,neutral,neutral,neutral,neutral,neutral,neutral,neutral,neutral,neutral,neutral,neutral,neutral,neutral,neutral,neutral,anger,joy,neutral,neutral",19.22,32.03,9.08,47.24,0.99,Moderate Engagement,,"neutral,neutral,neutral,neutral,neutral,neutral,neutral,neutral,neutral,neutral"
114,14.85,17.07,9.25,62.29,2.05,Low Engagement,,"neutral,neutral,neutral,neutral,neutral,neutral,neutral,neutral",77.77,96.01,42.8,55.03,0.7,Moderate Engagement,,"neutral,neutral,neutral,neutral,neutral,neutral,neutral,neutral,neutral,neutral,neutral,neutral,neutral,neutral,neutral,neutral,neutral,neutral,neutral,neutral,neutral,neutral,neutral,neutral,neutral,neutral,neutral,neutral,neutral,neutral,neutral,joy,joy,neutral,neutral,neutral,neutral,neutral,neutral",64.07,85.43,40.33,62.95,0.87,Moderate Engagement,,"neutral,neutral,neutral,neutral,neutral,neutral,neutral,neutral,neutral,neutral,neutral,neutral,neutral,neutral,neutral,neutral,neutral,neutral,neutral,neutral,neutral,neutral,neutral,neutral,neutral,neutral,neutral,neutral,neutral,neutral,neutral,neutral,neutral",83.35,95.8,18.07,21.68,1.33,Moderate Engagement,,"neutral,neutral,neutral,neutral,neutral,neutral,neutral,neutral,neutral,neutral,neutral,neutral,neutral,neutral,neutral,neutral,neutral,neutral,neutral,neutral,neutral,neutral,neutral,neutral,neutral,neutral,neutral,neutral,neutral,neutral,neutral,neutral,neutral,neutral,neutral,neutral,neutral,neutral,neutral,neutral,neutral,neutral",50.72,105.67,20.77,40.95,2.31,Low Engagement,,"neutral,neutral,neutral,neutral,neutral,neutral,joy,neutral,neutral,neutral,neutral,neutral,neutral,neutral,neutral,neutral,neutral,neutral,neutral,neutral,neutral,neutral,neutral,neutral,neutral,neutral",90.05,138.54,51.0,56.64,2.61,Low Engagement,,"neutral,neutral,neutral,neutral,neutral,neutral,neutral,neutral,neutral,neutral,neutral,neutral,neutral,neutral,neutral,neutral,neutral,neutral,neutral,neutral,neutral,neutral,neutral,neutral,neutral,neutral,neutral,neutral,neutral,neutral,neutral,neutral,neutral,neutral,neutral,neutral,neutral,neutral,neutral,neutral,neutral,neutral,neutral,neutral,neutral,neutral",62.75,104.58,32.87,52.38,1.31,Moderate Engagement,,"neutral,neutral,neutral,neutral,neutral,neutral,neutral,neutral,neutral,neutral,neutral,neutral,neutral,neutral,neutral,neutral,neutral,neutral,neutral,neutral,neutral,neutral,neutral,neutral,neutral,neutral,neutral,neutral,neutral,neutral,neutral,neutral"
116,25.12,28.87,8.7,34.63,5.52,Low Engagement,,"joy,joy,joy,joy,joy,joy,joy,joy,neutral,joy,neutral,anger",40.18,49.6,14.38,35.79,3.27,Low Engagement,,"joy,joy,joy,joy,joy,joy,joy,joy,joy,joy,joy,anger,anger,anger,joy,anger,joy,joy,joy,joy,joy",62.93,83.91,30.07,47.78,2.69,Low Engagement,,"joy,joy,joy,surprise,surprise,surprise,neutral,joy,joy,joy,joy,joy,joy,joy,joy,joy,neutral,joy,joy,joy,joy,joy,joy,joy,joy,joy,joy,joy,joy,joy,joy,joy",57.2,65.75,15.35,26.84,5.67,Low Engagement,,"joy,joy,joy,joy,joy,joy,joy,joy,joy,joy,joy,joy,joy,joy,joy,joy,joy,joy,joy,joy,joy,joy,joy,joy,joy,joy,joy,joy,joy",4.47,9.31,1.03,23.04,8.71,Low Engagement,,"joy,joy,joy",59.03,90.82,43.9,74.37,3.39,Low Engagement,,"joy,joy,joy,joy,joy,joy,joy,joy,surprise,surprise,surprise,surprise,joy,joy,joy,joy,joy,joy,joy,joy,joy,joy,joy,joy,joy,joy,joy,joy,joy,joy",4.5,7.5,0.52,11.56,1.94,Low Engagement,,"joy,joy,joy"
118,14.93,17.16,10.13,67.85,2.07,Low Engagement,,"neutral,sadness,neutral,surprise,surprise,neutral,neutral,neutral",80.05,98.83,66.55,83.14,0.75,Moderate Engagement,,"neutral,neutral,neutral,neutral,neutral,neutral,neutral,neutral,neutral,neutral,neutral,neutral,neutral,neutral,neutral,neutral,neutral,neutral,neutral,neutral,neutral,neutral,neutral,neutral,neutral,neutral,neutral,neutral,neutral,neutral,neutral,neutral,neutral,neutral,neutral,neutral,neutral,neutral,neutral,neutral,neutral",74.08,98.77,60.18,81.24,0.4,High Engagement,,"neutral,neutral,neutral,neutral,neutral,neutral,neutral,neutral,neutral,neutral,neutral,neutral,neutral,neutral,neutral,neutral,neutral,neutral,neutral,neutral,neutral,neutral,neutral,neutral,neutral,neutral,neutral,neutral,neutral,neutral,neutral,neutral,neutral,neutral,neutral,neutral,neutral,neutral",82.58,94.92,67.47,81.7,0.22,High Engagement,,"surprise,neutral,neutral,neutral,neutral,neutral,neutral,neutral,neutral,neutral,neutral,neutral,neutral,neutral,neutral,neutral,neutral,neutral,neutral,neutral,neutral,neutral,neutral,neutral,neutral,neutral,neutral,neutral,neutral,neutral,neutral,neutral,neutral,neutral,neutral,neutral,neutral,neutral,neutral,neutral,neutral,neutral",50.53,105.27,41.57,82.27,0.6,Moderate Engagement,,"neutral,neutral,neutral,neutral,neutral,neutral,neutral,neutral,neutral,neutral,neutral,neutral,neutral,neutral,neutral,neutral,neutral,neutral,neutral,neutral,neutral,neutral,neutral,neutral,neutral,neutral",77.85,119.77,69.48,89.25,0.53,Moderate Engagement,,"neutral,neutral,neutral,neutral,surprise,surprise,neutral,neutral,neutral,neutral,neutral,neutral,neutral,neutral,neutral,neutral,neutral,neutral,neutral,neutral,neutral,neutral,neutral,neutral,neutral,neutral,neutral,neutral,neutral,neutral,neutral,neutral,neutral,neutral,neutral,neutral,neutral,neutral,neutral",58.47,97.45,56.17,96.07,0.25,High Engagement,,"neutral,neutral,neutral,neutral,neutral,neutral,neutral,neutral,neutral,neutral,neutral,neutral,neutral,neutral,neutral,neutral,neutral,neutral,neutral,neutral,neutral,neutral,neutral,neutral,neutral,neutral,neutral,neutral,neutral,neutral"
119,19.07,21.92,14.1,73.94,0.99,Moderate Engagement,,"joy,joy,joy,joy,surprise,neutral,neutral,neutral,neutral,neutral",65.43,80.78,48.88,74.71,0.2,High Engagement,,"neutral,joy,joy,neutral,neutral,neutral,neutral,neutral,neutral,neutral,neutral,neutral,neutral,neutral,neutral,neutral,neutral,neutral,neutral,neutral,neutral,neutral,neutral,neutral,neutral,neutral,neutral,neutral,neutral,neutral,neutral,neutral,neutral",15.2,20.27,7.35,48.36,2.59,Low Engagement,,"neutral,neutral,surprise,neutral,neutral,neutral,neutral,neutral",89.47,102.84,68.83,76.93,0.29,High Engagement,,"joy,joy,joy,joy,joy,joy,joy,joy,neutral,neutral,neutral,neutral,neutral,neutral,neutral,neutral,neutral,neutral,neutral,neutral,neutral,neutral,neutral,neutral,surprise,neutral,surprise,neutral,neutral,neutral,surprise,neutral,neutral,neutral,neutral,neutral,neutral,neutral,neutral,neutral,neutral,neutral,neutral,neutral,neutral",48.1,100.21,36.63,76.15,0.76,Moderate Engagement,,"surprise,neutral,surprise,neutral,neutral,neutral,neutral,neutral,neutral,neutral,neutral,neutral,neutral,neutral,neutral,neutral,neutral,neutral,neutral,neutral,neutral,neutral,neutral,neutral,neutral",45.93,70.66,33.67,73.31,1.63,Low Engagement,,"surprise,neutral,surprise,surprise,neutral,surprise,neutral,joy,joy,joy,neutral,neutral,neutral,neutral,neutral,neutral,neutral,neutral,neutral,neutral,neutral,neutral,neutral",26.33,43.88,24.27,92.18,0.33,High Engagement,,"neutral,neutral,neutral,neutral,neutral,neutral,neutral,neutral,neutral,neutral,neutral,neutral,neutral,joy"
120,78.88,90.67,72.28,91.63,0.47,High Engagement,,"neutral,neutral,neutral,neutral,neutral,neutral,neutral,neutral,neutral,neutral,neutral,neutral,neutral,neutral,neutral,neutral,neutral,neutral,neutral,neutral,neutral,neutral,neutral,neutral,neutral,neutral,neutral,neutral,neutral,neutral,neutral,neutral,neutral,neutral,neutral,neutral,neutral,neutral,neutral,joy",74.7,92.22,57.65,77.18,0.69,Moderate Engagement,,"neutral,neutral,neutral,neutral,neutral,neutral,neutral,neutral,neutral,neutral,neutral,neutral,neutral,neutral,neutral,neutral,neutral,neutral,neutral,neutral,neutral,neutral,neutral,neutral,neutral,neutral,neutral,neutral,neutral,neutral,neutral,neutral,neutral,neutral,neutral,anger,neutral,neutral",67.77,90.36,56.37,83.18,0.89,Moderate Engagement,,"neutral,neutral,neutral,neutral,neutral,neutral,neutral,neutral,neutral,neutral,neutral,neutral,neutral,neutral,neutral,neutral,neutral,neutral,neutral,neutral,neutral,neutral,anger,neutral,neutral,surprise,neutral,neutral,neutral,neutral,neutral,neutral,anger,neutral",113.63,130.61,64.52,56.78,0.64,Moderate Engagement,,"anger,neutral,neutral,neutral,neutral,neutral,neutral,neutral,neutral,neutral,neutral,neutral,neutral,neutral,disgust,surprise,anger,anger,anger,anger,anger,anger,anger,anger,neutral,neutral,neutral,neutral,neutral,neutral,neutral,neutral,neutral,neutral,neutral,neutral,neutral,neutral,neutral,neutral,neutral,neutral,neutral,neutral,neutral,neutral,neutral,neutral,neutral,neutral,neutral,neutral,neutral,neutral,neutral,neutral,neutral",25.5,53.12,13.63,53.45,1.32,Moderate Engagement,,"neutral,neutral,neutral,neutral,neutral,neutral,neutral,neutral,neutral,neutral,neutral,neutral,neutral",114.53,176.2,68.65,59.94,1.43,Moderate Engagement,,"neutral,neutral,neutral,neutral,neutral,neutral,neutral,neutral,neutral,neutral,neutral,neutral,neutral,neutral,neutral,neutral,neutral,neutral,neutral,neutral,neutral,neutral,neutral,neutral,neutral,neutral,neutral,neutral,neutral,neutral,anger,neutral,neutral,neutral,neutral,neutral,neutral,neutral,neutral,neutral,neutral,neutral,neutral,neutral,neutral,neutral,neutral,neutral,neutral,neutral,neutral,anger,neutral,joy,anger,neutral,neutral,neutral",14.47,24.12,11.3,78.09,0.88,Moderate Engagement,,"neutral,neutral,neutral,neutral,neutral,neutral,neutral,neutral"
121,16.95,19.48,9.22,54.4,2.06,Low Engagement,,"neutral,surprise,neutral,neutral,neutral,neutral,neutral,anger,joy",87.43,107.94,23.55,26.94,1.49,Moderate Engagement,,"neutral,neutral,neutral,neutral,neutral,neutral,neutral,neutral,neutral,neutral,neutral,surprise,neutral,neutral,sadness,neutral,neutral,neutral,neutral,neutral,neutral,neutral,neutral,neutral,neutral,neutral,neutral,neutral,neutral,neutral,neutral,neutral,neutral,neutral,neutral,surprise,sadness,neutral,neutral,neutral,sadness,sadness,neutral,neutral",67.23,89.64,52.32,77.82,0.48,High Engagement,,"surprise,surprise,neutral,neutral,neutral,surprise,neutral,neutral,neutral,neutral,neutral,neutral,neutral,neutral,neutral,neutral,neutral,neutral,neutral,neutral,neutral,neutral,neutral,neutral,neutral,neutral,surprise,neutral,neutral,neutral,neutral,neutral,neutral,neutral",95.92,110.25,32.83,34.23,0.85,Moderate Engagement,,"surprise,joy,joy,surprise,neutral,neutral,neutral,neutral,neutral,neutral,surprise,neutral,neutral,neutral,neutral,neutral,neutral,neutral,surprise,neutral,neutral,surprise,neutral,neutral,neutral,neutral,neutral,neutral,neutral,neutral,neutral,neutral,neutral,neutral,neutral,neutral,neutral,neutral,neutral,neutral,neutral,neutral,neutral,neutral,neutral,neutral,neutral,neutral",54.82,114.21,27.97,51.02,0.93,Moderate Engagement,,"surprise,surprise,neutral,neutral,neutral,neutral,neutral,neutral,neutral,neutral,neutral,neutral,surprise,surprise,neutral,neutral,neutral,neutral,neutral,neutral,neutral,neutral,neutral,neutral,neutral,neutral,neutral,anger",69.72,107.26,40.83,58.56,1.69,Low Engagement,,"neutral,surprise,neutral,neutral,neutral,surprise,neutral,neutral,neutral,neutral,neutral,neutral,neutral,neutral,neutral,neutral,neutral,neutral,neutral,neutral,neutral,neutral,neutral,neutral,neutral,neutral,neutral,surprise,surprise,neutral,neutral,neutral,surprise,surprise,neutral",30.35,50.58,15.32,50.48,1.18,Moderate Engagement,,"surprise,neutral,neutral,neutral,neutral,neutral,neutral,neutral,neutral,neutral,neutral,surprise,surprise,neutral,neutral,neutral"
122,89.52,102.9,66.13,73.87,0.42,High Engagement,,"surprise,neutral,surprise,surprise,neutral,neutral,neutral,neutral,neutral,neutral,neutral,surprise,neutral,neutral,neutral,neutral,neutral,anger,anger,surprise,surprise,neutral,neutral,anger,neutral,neutral,anger,anger,neutral,neutral,surprise,neutral,neutral,neutral,neutral,neutral,neutral,neutral,neutral,anger,neutral,surprise,surprise,neutral,surprise",74.53,92.01,57.3,76.88,0.31,High Engagement,,"surprise,neutral,neutral,neutral,neutral,surprise,anger,anger,anger,neutral,neutral,neutral,neutral,neutral,neutral,neutral,neutral,neutral,neutral,neutral,neutral,anger,neutral,anger,neutral,surprise,surprise,neutral,anger,anger,neutral,anger,anger,anger,neutral,anger,surprise,neutral",67.33,89.77,56.25,83.54,0.37,High Engagement,,"neutral,surprise,neutral,neutral,neutral,neutral,neutral,neutral,neutral,neutral,neutral,surprise,neutral,neutral,neutral,neutral,neutral,neutral,anger,anger,neutral,anger,neutral,surprise,neutral,neutral,neutral,neutral,neutral,neutral,anger,anger,neutral,neutral",83.87,96.4,65.08,77.6,0.54,Moderate Engagement,,"surprise,surprise,surprise,surprise,surprise,surprise,surprise,anger,neutral,neutral,neutral,surprise,surprise,neutral,surprise,surprise,surprise,neutral,neutral,neutral,neutral,neutral,surprise,neutral,neutral,neutral,neutral,neutral,surprise,neutral,surprise,neutral,anger,neutral,neutral,neutral,neutral,neutral,neutral,neutral,neutral,neutral",46.07,95.98,37.67,81.77,0.16,High Engagement,,"surprise,surprise,neutral,anger,neutral,neutral,neutral,neutral,neutral,neutral,surprise,anger,neutral,neutral,anger,anger,anger,anger,neutral,neutral,neutral,neutral,neutral,neutral",103.32,158.95,90.13,87.23,0.87,Moderate Engagement,,"surprise,surprise,surprise,surprise,neutral,neutral,neutral,neutral,neutral,neutral,neutral,surprise,neutral,neutral,neutral,neutral,neutral,neutral,neutral,surprise,neutral,neutral,surprise,surprise,surprise,surprise,surprise,neutral,surprise,surprise,neutral,neutral,neutral,neutral,neutral,neutral,neutral,neutral,neutral,neutral,neutral,anger,neutral,anger,anger,anger,neutral,neutral,neutral,neutral,neutral,surprise",56.22,93.7,39.17,69.67,1.1,Moderate Engagement,,"neutral,surprise,neutral,neutral,neutral,neutral,neutral,surprise,surprise,surprise,surprise,neutral,surprise,surprise,neutral,anger,neutral,neutral,anger,neutral,surprise,anger,anger,anger,anger,anger,neutral,neutral,neutral"
123,13.42,15.43,9.52,70.94,1.05,Moderate Engagement,,"joy,joy,neutral,anger,anger,joy,joy",82.82,102.25,50.18,60.59,1.49,Moderate Engagement,,"joy,joy,joy,joy,neutral,surprise,neutral,surprise,neutral,neutral,neutral,neutral,neutral,neutral,neutral,neutral,neutral,neutral,joy,joy,neutral,surprise,neutral,neutral,neutral,neutral,neutral,neutral,neutral,neutral,neutral,neutral,neutral,neutral,neutral,neutral,anger,anger,anger,anger,neutral,neutral",70.18,93.57,60.73,86.53,0.54,Moderate Engagement,,"neutral,joy,neutral,neutral,joy,joy,joy,joy,joy,joy,anger,neutral,neutral,neutral,anger,neutral,neutral,neutral,neutral,neutral,neutral,neutral,neutral,neutral,neutral,neutral,neutral,neutral,neutral,neutral,neutral,neutral,joy,joy,joy,neutral",93.4,107.36,62.55,66.97,0.62,Moderate Engagement,,"joy,joy,joy,joy,joy,neutral,joy,joy,joy,joy,neutral,neutral,neutral,neutral,neutral,neutral,neutral,surprise,neutral,neutral,neutral,neutral,neutral,neutral,neutral,anger,neutral,neutral,neutral,neutral,neutral,neutral,neutral,anger,anger,neutral,surprise,neutral,neutral,neutral,anger,neutral,neutral,neutral,joy,joy,joy",47.05,98.02,39.2,83.32,0.59,Moderate Engagement,,"joy,neutral,anger,neutral,neutral,neutral,neutral,anger,neutral,anger,neutral,neutral,neutral,neutral,neutral,anger,neutral,neutral,neutral,neutral,anger,anger,neutral,neutral",74.68,114.89,60.82,81.44,1.04,Moderate Engagement,,"neutral,joy,joy,joy,joy,joy,neutral,joy,joy,joy,joy,joy,joy,joy,joy,joy,surprise,joy,joy,surprise,surprise,joy,joy,joy,neutral,neutral,anger,anger,neutral,neutral,neutral,neutral,neutral,neutral,neutral,joy,anger,neutral",58.75,97.92,52.77,89.82,0.59,Moderate Engagement,,"neutral,anger,anger,neutral,anger,neutral,neutral,joy,joy,joy,neutral,neutral,neutral,neutral,anger,neutral,neutral,neutral,neutral,neutral,neutral,neutral,neutral,anger,neutral,neutral,neutral,sadness,neutral,anger"
124,7.05,8.1,4.27,60.57,0.47,High Engagement,,"joy,joy,neutral,neutral",75.23,92.88,52.13,69.29,0.36,High Engagement,,"neutral,neutral,neutral,neutral,neutral,neutral,neutral,neutral,neutral,neutral,neutral,neutral,neutral,neutral,neutral,neutral,neutral,neutral,neutral,neutral,neutral,neutral,neutral,neutral,neutral,neutral,neutral,neutral,neutral,neutral,neutral,anger,anger,anger,neutral,neutral,neutral,neutral",65.88,87.84,58.08,88.16,0.1,High Engagement,,"neutral,neutral,neutral,neutral,anger,neutral,neutral,neutral,neutral,neutral,neutral,anger,anger,anger,anger,anger,anger,neutral,neutral,neutral,neutral,neutral,neutral,neutral,neutral,anger,neutral,neutral,neutral,neutral,neutral,neutral,neutral",77.1,88.62,67.33,87.33,0.03,High Engagement,,"anger,anger,anger,anger,anger,anger,anger,anger,anger,neutral,anger,neutral,neutral,neutral,neutral,anger,neutral,neutral,anger,anger,neutral,neutral,anger,neutral,neutral,neutral,neutral,neutral,neutral,neutral,neutral,neutral,neutral,neutral,neutral,neutral,neutral,neutral,anger",45.43,94.65,34.72,76.43,0.14,High Engagement,,"neutral,neutral,neutral,neutral,neutral,neutral,neutral,neutral,anger,neutral,neutral,neutral,neutral,neutral,neutral,neutral,neutral,anger,neutral,neutral,anger,neutral,neutral",76.83,118.2,65.37,85.08,0.38,High Engagement,,"neutral,neutral,neutral,anger,neutral,neutral,anger,neutral,anger,neutral,neutral,neutral,neutral,neutral,neutral,neutral,neutral,neutral,neutral,neutral,neutral,neutral,neutral,neutral,neutral,neutral,neutral,neutral,neutral,neutral,neutral,neutral,neutral,neutral,neutral,neutral,neutral,neutral,neutral",57.92,96.53,55.58,95.96,0.04,High Engagement,,"neutral,neutral,neutral,neutral,neutral,neutral,neutral,neutral,neutral,neutral,neutral,neutral,neutral,neutral,neutral,anger,neutral,neutral,anger,anger,anger,anger,anger,anger,anger,neutral,neutral,neutral,neutral"
125,96.67,111.11,83.43,86.3,1.32,Moderate Engagement,,"joy,joy,joy,joy,joy,joy,joy,joy,joy,joy,joy,joy,joy,joy,neutral,neutral,neutral,neutral,neutral,neutral,neutral,neutral,neutral,neutral,neutral,neutral,neutral,neutral,neutral,neutral,neutral,neutral,neutral,neutral,neutral,neutral,neutral,neutral,neutral,neutral,neutral,neutral,neutral,neutral,neutral,neutral,neutral,neutral,neutral",76.0,93.83,68.83,90.57,0.48,High Engagement,,"joy,joy,joy,neutral,neutral,neutral,surprise,surprise,neutral,neutral,neutral,neutral,neutral,neutral,neutral,neutral,neutral,neutral,neutral,neutral,neutral,neutral,neutral,neutral,neutral,neutral,neutral,neutral,neutral,neutral,neutral,neutral,neutral,neutral,neutral,neutral,neutral,neutral",68.95,91.93,58.13,84.31,0.96,Moderate Engagement,,"neutral,neutral,neutral,neutral,neutral,neutral,neutral,neutral,neutral,neutral,neutral,neutral,neutral,neutral,neutral,neutral,neutral,neutral,neutral,neutral,neutral,neutral,neutral,neutral,neutral,neutral,neutral,neutral,neutral,neutral,neutral,neutral,neutral,neutral,neutral",93.22,107.15,70.3,75.41,0.36,High Engagement,,"joy,joy,joy,joy,joy,joy,joy,neutral,neutral,neutral,neutral,neutral,neutral,neutral,neutral,neutral,neutral,neutral,anger,neutral,neutral,neutral,neutral,neutral,neutral,anger,neutral,neutral,neutral,neutral,neutral,neutral,neutral,neutral,neutral,neutral,neutral,neutral,neutral,anger,neutral,neutral,neutral,neutral,neutral,neutral,neutral",53.18,110.79,41.67,78.36,0.62,Moderate Engagement,,"neutral,neutral,neutral,neutral,neutral,neutral,neutral,neutral,neutral,neutral,neutral,neutral,neutral,neutral,neutral,neutral,neutral,neutral,neutral,neutral,neutral,neutral,neutral,neutral,neutral,neutral,neutral",81.75,125.77,69.07,84.49,0.96,Moderate Engagement,,"joy,neutral,neutral,neutral,neutral,joy,neutral,neutral,neutral,neutral,neutral,neutral,neutral,neutral,neutral,neutral,neutral,neutral,neutral,neutral,neutral,neutral,neutral,neutral,neutral,neutral,neutral,neutral,neutral,neutral,neutral,neutral,neutral,neutral,neutral,neutral,neutral,neutral,neutral,neutral,neutral",53.75,89.58,49.78,92.61,0.66,Moderate Engagement,,"neutral,neutral,neutral,neutral,neutral,neutral,neutral,neutral,neutral,surprise,surprise,neutral,neutral,neutral,neutral,neutral,neutral,neutral,neutral,neutral,neutral,neutral,neutral,neutral,neutral,neutral,joy"
126,79.78,91.7,73.35,91.94,0.01,High Engagement,,"neutral,neutral,surprise,surprise,surprise,surprise,surprise,surprise,surprise,surprise,surprise,surprise,surprise,surprise,surprise,surprise,surprise,surprise,surprise,surprise,neutral,neutral,neutral,surprise,surprise,surprise,surprise,surprise,surprise,surprise,surprise,surprise,surprise,neutral,surprise,surprise,surprise,surprise,surprise,sadness",72.78,89.85,67.75,93.09,0.4,High Engagement,,"neutral,neutral,neutral,neutral,neutral,surprise,neutral,neutral,neutral,neutral,neutral,neutral,neutral,neutral,neutral,neutral,neutral,neutral,neutral,neutral,surprise,surprise,neutral,neutral,surprise,surprise,neutral,neutral,neutral,neutral,neutral,neutral,neutral,neutral,neutral,neutral,neutral",66.37,88.49,59.62,89.83,0.1,High Engagement,,"surprise,neutral,surprise,neutral,neutral,neutral,surprise,neutral,surprise,neutral,neutral,surprise,surprise,neutral,neutral,neutral,neutral,neutral,neutral,neutral,neutral,neutral,neutral,neutral,neutral,neutral,neutral,neutral,neutral,neutral,neutral,surprise,neutral,surprise",80.37,92.38,70.27,87.43,0.11,High Engagement,,"neutral,neutral,neutral,surprise,sadness,surprise,surprise,surprise,surprise,surprise,surprise,surprise,surprise,surprise,anger,surprise,surprise,surprise,surprise,surprise,surprise,joy,surprise,surprise,surprise,surprise,surprise,surprise,surprise,surprise,surprise,surprise,surprise,surprise,surprise,surprise,surprise,surprise,surprise,surprise,neutral",46.6,97.08,38.28,82.15,0.34,High Engagement,,"surprise,surprise,surprise,surprise,surprise,surprise,surprise,surprise,surprise,surprise,surprise,surprise,surprise,surprise,surprise,surprise,surprise,surprise,surprise,surprise,surprise,surprise,surprise,neutral",64.77,99.65,55.97,86.41,0.29,High Engagement,,"neutral,neutral,neutral,neutral,surprise,surprise,surprise,surprise,surprise,surprise,surprise,surprise,surprise,surprise,surprise,neutral,surprise,surprise,neutral,surprise,surprise,surprise,neutral,surprise,surprise,neutral,surprise,neutral,surprise,anger,surprise,neutral,surprise",58.87,98.12,54.18,92.03,0.3,High Engagement,,"neutral,surprise,sadness,neutral,neutral,neutral,surprise,surprise,surprise,surprise,surprise,surprise,surprise,surprise,surprise,surprise,surprise,surprise,surprise,surprise,surprise,surprise,surprise,surprise,surprise,surprise,neutral,neutral,surprise,surprise"
127,87.82,100.94,80.65,91.84,0.32,High Engagement,,"neutral,neutral,neutral,neutral,neutral,neutral,neutral,neutral,neutral,neutral,neutral,neutral,neutral,neutral,neutral,anger,neutral,neutral,neutral,neutral,neutral,neutral,neutral,neutral,neutral,neutral,neutral,neutral,neutral,neutral,neutral,neutral,neutral,neutral,neutral,neutral,neutral,neutral,neutral,neutral,neutral,neutral,neutral,neutral",77.93,96.21,70.35,90.27,0.63,Moderate Engagement,,"neutral,neutral,neutral,neutral,neutral,neutral,neutral,neutral,neutral,neutral,neutral,neutral,neutral,neutral,neutral,neutral,neutral,neutral,neutral,neutral,neutral,neutral,neutral,neutral,neutral,neutral,neutral,neutral,neutral,neutral,neutral,neutral,neutral,neutral,neutral,neutral,neutral,neutral,neutral",75.88,101.17,63.42,83.58,0.47,High Engagement,,"neutral,neutral,neutral,neutral,neutral,neutral,neutral,neutral,neutral,neutral,neutral,neutral,neutral,neutral,neutral,neutral,neutral,neutral,neutral,neutral,joy,neutral,neutral,neutral,neutral,neutral,neutral,neutral,neutral,neutral,neutral,neutral,neutral,neutral,neutral,neutral,neutral,neutral",89.88,103.31,74.23,82.59,0.47,High Engagement,,"neutral,anger,anger,neutral,anger,anger,anger,anger,anger,anger,anger,anger,neutral,neutral,neutral,neutral,neutral,neutral,neutral,neutral,joy,joy,surprise,sadness,neutral,neutral,neutral,neutral,neutral,neutral,neutral,neutral,neutral,neutral,neutral,neutral,neutral,neutral,neutral,neutral,neutral,neutral,neutral,neutral,neutral",55.18,114.96,43.15,78.2,0.58,Moderate Engagement,,"neutral,neutral,neutral,neutral,neutral,neutral,neutral,neutral,neutral,neutral,neutral,neutral,neutral,neutral,neutral,anger,neutral,neutral,neutral,neutral,neutral,neutral,neutral,neutral,neutral,neutral,neutral,neutral",84.02,129.26,70.95,84.44,0.86,Moderate Engagement,,"neutral,surprise,neutral,neutral,neutral,neutral,neutral,anger,anger,neutral,anger,neutral,neutral,neutral,neutral,neutral,neutral,neutral,neutral,neutral,neutral,neutral,neutral,neutral,neutral,neutral,neutral,neutral,neutral,neutral,neutral,neutral,neutral,neutral,neutral,neutral,neutral,neutral,neutral,neutral,neutral,neutral,neutral",59.1,98.5,54.13,91.59,0.37,High Engagement,,"neutral,neutral,neutral,neutral,neutral,neutral,neutral,neutral,neutral,neutral,neutral,neutral,neutral,neutral,neutral,neutral,neutral,neutral,neutral,neutral,neutral,neutral,neutral,neutral,neutral,neutral,neutral,neutral,neutral,neutral"
128,81.02,93.13,71.82,88.64,0.49,High Engagement,,"neutral,neutral,neutral,neutral,neutral,neutral,neutral,neutral,neutral,anger,neutral,anger,neutral,neutral,neutral,anger,anger,neutral,neutral,neutral,neutral,neutral,neutral,sadness,anger,anger,neutral,neutral,neutral,anger,anger,neutral,neutral,neutral,neutral,neutral,neutral,neutral,neutral,neutral,neutral",80.03,98.8,60.93,76.13,0.92,Moderate Engagement,,"neutral,neutral,neutral,neutral,neutral,neutral,neutral,neutral,neutral,neutral,neutral,neutral,neutral,neutral,neutral,neutral,neutral,neutral,neutral,neutral,neutral,neutral,neutral,neutral,neutral,neutral,neutral,neutral,neutral,neutral,neutral,neutral,neutral,neutral,neutral,neutral,neutral,neutral,neutral,neutral,neutral",69.97,93.29,56.47,80.71,0.58,Moderate Engagement,,"neutral,neutral,neutral,neutral,neutral,neutral,neutral,neutral,neutral,neutral,neutral,neutral,neutral,neutral,neutral,neutral,neutral,neutral,neutral,neutral,neutral,neutral,neutral,neutral,neutral,neutral,neutral,neutral,neutral,neutral,neutral,neutral,neutral,neutral,neutral",91.88,105.61,48.02,52.26,0.52,Moderate Engagement,,"neutral,neutral,neutral,neutral,neutral,neutral,neutral,neutral,neutral,neutral,neutral,neutral,neutral,neutral,sadness,sadness,neutral,neutral,neutral,neutral,neutral,neutral,anger,sadness,neutral,neutral,neutral,neutral,neutral,neutral,neutral,neutral,neutral,neutral,neutral,neutral,anger,neutral,neutral,neutral,neutral,neutral,neutral,neutral,neutral,neutral",48.52,101.08,35.15,72.44,0.57,Moderate Engagement,,"neutral,neutral,neutral,neutral,neutral,neutral,neutral,neutral,neutral,neutral,anger,neutral,neutral,neutral,neutral,neutral,surprise,neutral,neutral,neutral,neutral,anger,neutral,neutral,neutral",70.12,107.88,62.57,89.23,0.5,High Engagement,,"neutral,neutral,neutral,neutral,neutral,neutral,neutral,neutral,sadness,neutral,neutral,neutral,neutral,neutral,neutral,neutral,neutral,neutral,neutral,neutral,neutral,neutral,neutral,neutral,neutral,neutral,neutral,neutral,anger,neutral,neutral,neutral,neutral,neutral,neutral,neutral",57.03,95.05,52.47,92.0,0.19,High Engagement,,"neutral,neutral,neutral,neutral,neutral,neutral,neutral,neutral,neutral,neutral,neutral,neutral,neutral,neutral,neutral,neutral,neutral,neutral,neutral,neutral,neutral,neutral,neutral,neutral,neutral,neutral,neutral,neutral,neutral"
129,76.42,87.84,63.78,83.46,0.44,High Engagement,,"neutral,neutral,surprise,neutral,neutral,neutral,surprise,neutral,surprise,surprise,surprise,neutral,surprise,surprise,neutral,surprise,surprise,neutral,surprise,surprise,neutral,neutral,neutral,surprise,surprise,neutral,neutral,surprise,neutral,surprise,surprise,neutral,neutral,neutral,surprise,neutral,neutral,neutral,neutral",71.82,88.67,60.32,83.99,0.93,Moderate Engagement,,"neutral,surprise,neutral,neutral,neutral,neutral,neutral,neutral,neutral,neutral,neutral,neutral,neutral,neutral,neutral,neutral,neutral,surprise,neutral,neutral,neutral,neutral,surprise,neutral,neutral,neutral,neutral,neutral,neutral,neutral,neutral,neutral,neutral,neutral,neutral,neutral",64.9,86.53,47.18,72.7,1.04,Moderate Engagement,,"neutral,surprise,neutral,neutral,neutral,neutral,neutral,neutral,neutral,neutral,neutral,neutral,neutral,neutral,surprise,neutral,neutral,neutral,neutral,neutral,neutral,neutral,neutral,neutral,neutral,neutral,neutral,neutral,neutral,neutral,neutral,neutral,neutral",77.15,88.68,61.53,79.75,0.34,High Engagement,,"neutral,neutral,surprise,surprise,neutral,neutral,neutral,neutral,neutral,neutral,surprise,neutral,surprise,neutral,neutral,neutral,neutral,neutral,neutral,neutral,neutral,neutral,surprise,surprise,surprise,neutral,surprise,surprise,neutral,neutral,neutral,surprise,neutral,neutral,neutral,surprise,neutral,neutral,neutral",45.1,93.96,36.37,80.64,1.02,Moderate Engagement,,"neutral,neutral,neutral,neutral,neutral,neutral,neutral,neutral,neutral,neutral,neutral,neutral,neutral,neutral,neutral,neutral,neutral,neutral,neutral,neutral,neutral,neutral,neutral",61.53,94.66,44.92,73.01,1.22,Moderate Engagement,,"neutral,neutral,neutral,neutral,neutral,neutral,neutral,neutral,neutral,neutral,neutral,neutral,neutral,neutral,neutral,neutral,neutral,neutral,neutral,neutral,neutral,neutral,neutral,neutral,neutral,neutral,neutral,neutral,neutral,neutral,neutral",56.53,94.22,43.15,76.33,0.81,Moderate Engagement,,"neutral,neutral,neutral,neutral,neutral,neutral,neutral,neutral,neutral,neutral,neutral,neutral,neutral,neutral,neutral,neutral,neutral,neutral,anger,neutral,neutral,sadness,anger,surprise,neutral,neutral,neutral,neutral,neutral"
130,19.03,21.87,11.95,62.8,1.76,Low Engagement,,"neutral,neutral,neutral,neutral,neutral,neutral,neutral,neutral,neutral,neutral",12.83,15.84,4.08,31.8,5.88,Low Engagement,,"neutral,neutral,neutral,neutral,neutral,neutral,neutral",13.13,17.51,9.63,73.34,1.66,Low Engagement,,"neutral,neutral,neutral,neutral,neutral,neutral,neutral",40.05,46.03,26.63,66.49,0.49,High Engagement,,"neutral,neutral,neutral,joy,joy,neutral,neutral,neutral,neutral,neutral,neutral,neutral,neutral,neutral,neutral,neutral,neutral,neutral,neutral,neutral,neutral",51.63,107.56,42.98,83.25,0.35,High Engagement,,"neutral,neutral,neutral,neutral,neutral,neutral,neutral,neutral,neutral,neutral,neutral,neutral,neutral,neutral,neutral,neutral,neutral,neutral,neutral,neutral,neutral,neutral,neutral,neutral,neutral,neutral",78.72,121.11,70.77,89.9,0.3,High Engagement,,"neutral,neutral,neutral,neutral,neutral,neutral,neutral,neutral,neutral,neutral,neutral,neutral,neutral,neutral,neutral,neutral,neutral,neutral,neutral,neutral,neutral,neutral,neutral,neutral,neutral,neutral,neutral,neutral,neutral,neutral,neutral,neutral,neutral,neutral,neutral,neutral,neutral,neutral,neutral,neutral",49.18,81.97,46.35,94.25,0.24,High Engagement,,"neutral,neutral,neutral,neutral,neutral,neutral,neutral,neutral,neutral,neutral,neutral,neutral,neutral,neutral,surprise,neutral,neutral,neutral,neutral,neutral,neutral,neutral,neutral,neutral,neutral"
131,87.28,100.32,74.18,84.99,0.75,Moderate Engagement,,"neutral,neutral,surprise,neutral,neutral,neutral,neutral,neutral,surprise,neutral,surprise,surprise,surprise,neutral,neutral,neutral,surprise,neutral,neutral,neutral,neutral,neutral,neutral,surprise,surprise,neutral,neutral,neutral,neutral,neutral,neutral,neutral,neutral,neutral,neutral,surprise,neutral,neutral,neutral,neutral,neutral,neutral,joy,surprise",45.53,56.21,10.8,23.72,3.7,Low Engagement,,"neutral,neutral,neutral,neutral,neutral,neutral,neutral,neutral,neutral,neutral,neutral,neutral,neutral,neutral,neutral,neutral,neutral,neutral,neutral,joy,neutral,neutral,neutral",70.47,93.96,57.78,81.99,0.61,Moderate Engagement,,"neutral,neutral,neutral,neutral,neutral,neutral,neutral,neutral,neutral,neutral,neutral,neutral,neutral,neutral,neutral,neutral,neutral,surprise,neutral,neutral,neutral,neutral,surprise,neutral,neutral,neutral,neutral,neutral,neutral,surprise,neutral,neutral,neutral,neutral,neutral,neutral",79.53,91.41,45.63,57.37,0.72,Moderate Engagement,,"neutral,neutral,neutral,neutral,surprise,neutral,neutral,surprise,neutral,neutral,neutral,neutral,surprise,neutral,neutral,surprise,neutral,surprise,surprise,neutral,neutral,neutral,neutral,neutral,neutral,neutral,neutral,neutral,neutral,neutral,neutral,neutral,neutral,neutral,neutral,neutral,neutral,neutral,neutral,neutral",61.87,128.9,40.88,66.07,0.83,Moderate Engagement,,"neutral,neutral,neutral,anger,sadness,sadness,sadness,sadness,joy,neutral,neutral,neutral,neutral,neutral,neutral,neutral,neutral,neutral,neutral,neutral,neutral,neutral,neutral,neutral,neutral,neutral,neutral,neutral,neutral,neutral,neutral",67.52,103.88,51.58,76.39,0.83,Moderate Engagement,,"neutral,neutral,neutral,neutral,neutral,neutral,neutral,neutral,neutral,neutral,neutral,neutral,surprise,neutral,neutral,neutral,neutral,neutral,neutral,neutral,neutral,neutral,surprise,surprise,neutral,neutral,neutral,neutral,neutral,neutral,neutral,neutral,neutral,neutral",57.18,95.3,35.07,61.33,0.66,Moderate Engagement,,"neutral,neutral,neutral,neutral,neutral,neutral,neutral,neutral,neutral,neutral,neutral,neutral,neutral,surprise,neutral,neutral,neutral,neutral,neutral,neutral,neutral,neutral,neutral,neutral,neutral,neutral,neutral,neutral,neutral"
132,81.05,93.16,74.2,91.55,0.28,High Engagement,,"neutral,neutral,neutral,neutral,neutral,neutral,neutral,anger,anger,neutral,neutral,neutral,neutral,neutral,neutral,neutral,neutral,neutral,neutral,neutral,neutral,neutral,neutral,neutral,neutral,neutral,neutral,neutral,neutral,neutral,neutral,neutral,neutral,neutral,neutral,neutral,neutral,neutral,neutral,neutral,neutral",78.7,97.16,64.18,81.55,0.92,Moderate Engagement,,"neutral,neutral,neutral,neutral,neutral,neutral,neutral,neutral,neutral,neutral,neutral,neutral,neutral,neutral,neutral,neutral,neutral,neutral,neutral,neutral,neutral,neutral,neutral,neutral,neutral,neutral,neutral,neutral,neutral,neutral,neutral,neutral,neutral,neutral,neutral,neutral,neutral,neutral,neutral,neutral",67.85,90.47,54.85,80.84,0.33,High Engagement,,"neutral,neutral,neutral,neutral,neutral,neutral,neutral,neutral,neutral,neutral,neutral,neutral,neutral,neutral,neutral,neutral,neutral,neutral,neutral,neutral,neutral,neutral,neutral,neutral,neutral,neutral,neutral,anger,neutral,neutral,neutral,neutral,neutral,neutral",107.05,123.05,52.03,48.6,0.52,Moderate Engagement,,"neutral,joy,joy,joy,neutral,neutral,joy,joy,neutral,neutral,joy,joy,joy,joy,joy,joy,joy,joy,neutral,neutral,neutral,neutral,neutral,neutral,neutral,neutral,neutral,neutral,neutral,neutral,neutral,neutral,neutral,neutral,neutral,neutral,neutral,neutral,neutral,neutral,neutral,neutral,neutral,neutral,neutral,neutral,neutral,neutral,neutral,neutral,neutral,neutral,neutral,neutral",49.02,102.12,37.12,75.72,0.57,Moderate Engagement,,"neutral,neutral,neutral,neutral,neutral,neutral,neutral,neutral,neutral,neutral,neutral,neutral,neutral,neutral,neutral,neutral,neutral,neutral,neutral,neutral,neutral,neutral,anger,anger,neutral",74.25,114.23,60.53,81.52,0.45,High Engagement,,"neutral,neutral,neutral,neutral,neutral,neutral,neutral,neutral,neutral,neutral,neutral,neutral,neutral,neutral,neutral,neutral,neutral,neutral,surprise,surprise,neutral,neutral,neutral,neutral,neutral,neutral,neutral,neutral,neutral,neutral,neutral,neutral,neutral,neutral,neutral,neutral,neutral,neutral",60.42,100.7,57.23,94.72,0.51,Moderate Engagement,,"neutral,neutral,neutral,neutral,neutral,neutral,neutral,neutral,neutral,neutral,neutral,neutral,neutral,neutral,neutral,neutral,neutral,neutral,neutral,neutral,neutral,neutral,neutral,neutral,neutral,neutral,neutral,neutral,neutral,neutral,neutral"
133,104.17,119.74,70.82,67.99,0.99,Moderate Engagement,,"neutral,neutral,neutral,neutral,joy,neutral,neutral,neutral,neutral,neutral,neutral,neutral,neutral,neutral,neutral,neutral,neutral,neutral,neutral,neutral,neutral,neutral,neutral,neutral,neutral,neutral,neutral,neutral,neutral,neutral,neutral,neutral,neutral,neutral,anger,anger,anger,anger,anger,neutral,neutral,neutral,neutral,neutral,neutral,neutral,neutral,surprise,neutral,surprise,joy,surprise,neutral",58.27,71.94,29.28,50.25,1.71,Low Engagement,,"neutral,neutral,neutral,neutral,neutral,neutral,neutral,neutral,neutral,neutral,anger,neutral,neutral,anger,neutral,neutral,neutral,neutral,neutral,neutral,neutral,neutral,neutral,neutral,neutral,neutral,neutral,neutral,neutral,neutral",72.33,96.44,37.3,51.57,1.8,Low Engagement,,"neutral,neutral,anger,neutral,neutral,neutral,neutral,neutral,neutral,anger,neutral,neutral,neutral,neutral,neutral,neutral,neutral,neutral,neutral,neutral,neutral,neutral,neutral,neutral,neutral,neutral,neutral,neutral,neutral,neutral,neutral,neutral,neutral,neutral,neutral,neutral,neutral",85.87,98.7,46.35,53.98,1.17,Moderate Engagement,,"neutral,neutral,neutral,neutral,neutral,neutral,neutral,neutral,neutral,neutral,anger,neutral,neutral,neutral,neutral,neutral,neutral,neutral,neutral,neutral,neutral,anger,neutral,anger,anger,anger,anger,anger,neutral,neutral,neutral,neutral,anger,neutral,anger,anger,neutral,neutral,neutral,neutral,neutral,neutral,neutral",50.48,105.17,30.67,60.76,0.55,Moderate Engagement,,"neutral,neutral,neutral,neutral,neutral,neutral,neutral,neutral,neutral,neutral,neutral,neutral,neutral,neutral,neutral,neutral,neutral,neutral,neutral,neutral,neutral,neutral,neutral,neutral,neutral,neutral",85.82,132.03,46.97,54.73,2.21,Low Engagement,,"neutral,neutral,neutral,neutral,neutral,neutral,neutral,neutral,neutral,neutral,neutral,neutral,neutral,neutral,neutral,neutral,neutral,neutral,neutral,neutral,neutral,neutral,neutral,neutral,neutral,neutral,neutral,neutral,neutral,neutral,neutral,neutral,neutral,neutral,neutral,neutral,sadness,neutral,neutral,neutral,neutral,surprise,surprise",66.43,110.72,35.43,53.33,1.83,Low Engagement,,"neutral,neutral,neutral,neutral,neutral,neutral,neutral,neutral,neutral,neutral,neutral,neutral,neutral,neutral,neutral,anger,anger,neutral,neutral,neutral,neutral,neutral,neutral,neutral,neutral,neutral,neutral,neutral,neutral,neutral,neutral,anger,anger,surprise"
134,87.82,100.94,76.58,87.2,0.85,Moderate Engagement,,"surprise,surprise,surprise,surprise,neutral,surprise,surprise,surprise,surprise,surprise,surprise,surprise,surprise,surprise,surprise,surprise,surprise,surprise,surprise,surprise,surprise,surprise,surprise,neutral,surprise,neutral,surprise,surprise,surprise,surprise,surprise,surprise,surprise,surprise,surprise,surprise,surprise,surprise,surprise,surprise,surprise,surprise,surprise,surprise",78.27,96.63,69.75,89.11,0.76,Moderate Engagement,,"neutral,neutral,neutral,surprise,neutral,neutral,surprise,neutral,neutral,surprise,neutral,surprise,neutral,neutral,surprise,surprise,surprise,neutral,surprise,neutral,neutral,neutral,neutral,neutral,neutral,neutral,surprise,surprise,surprise,neutral,neutral,surprise,neutral,neutral,neutral,neutral,neutral,neutral,surprise,neutral",68.97,91.96,52.17,75.64,0.86,Moderate Engagement,,"surprise,neutral,neutral,neutral,neutral,neutral,neutral,neutral,anger,neutral,neutral,neutral,neutral,neutral,neutral,neutral,neutral,neutral,neutral,neutral,surprise,surprise,neutral,neutral,neutral,neutral,neutral,neutral,neutral,neutral,neutral,neutral,neutral,neutral,neutral",90.38,103.89,53.95,59.69,1.2,Moderate Engagement,,"neutral,surprise,surprise,neutral,surprise,surprise,surprise,neutral,surprise,surprise,neutral,surprise,neutral,surprise,neutral,surprise,surprise,surprise,surprise,surprise,neutral,neutral,neutral,neutral,neutral,surprise,neutral,surprise,surprise,surprise,neutral,surprise,neutral,neutral,neutral,neutral,neutral,neutral,neutral,neutral,neutral,neutral,neutral,neutral,surprise,surprise",46.0,95.83,30.6,66.52,1.41,Moderate Engagement,,"neutral,neutral,neutral,surprise,surprise,anger,neutral,neutral,neutral,neutral,neutral,neutral,neutral,neutral,neutral,neutral,neutral,surprise,surprise,neutral,neutral,surprise,neutral",66.15,101.77,61.05,92.29,0.74,Moderate Engagement,,"surprise,surprise,surprise,surprise,surprise,neutral,surprise,neutral,neutral,surprise,neutral,neutral,neutral,neutral,surprise,neutral,neutral,neutral,neutral,surprise,neutral,neutral,neutral,neutral,neutral,neutral,neutral,neutral,neutral,surprise,neutral,neutral,neutral,surprise",55.12,91.87,49.82,90.38,0.5,High Engagement,,"neutral,neutral,neutral,surprise,neutral,neutral,neutral,neutral,neutral,neutral,anger,surprise,anger,neutral,anger,neutral,neutral,neutral,neutral,neutral,neutral,neutral,neutral,neutral,neutral,neutral,neutral,neutral"
135,80.63,92.68,64.75,80.31,0.88,Moderate Engagement,,"neutral,surprise,neutral,neutral,neutral,neutral,neutral,neutral,neutral,neutral,anger,neutral,anger,neutral,anger,anger,anger,anger,anger,anger,anger,anger,anger,anger,anger,anger,neutral,neutral,anger,neutral,neutral,anger,anger,neutral,anger,neutral,anger,neutral,neutral,neutral,neutral",77.15,95.25,65.53,84.94,0.76,Moderate Engagement,,"neutral,neutral,neutral,neutral,neutral,neutral,neutral,neutral,neutral,neutral,neutral,neutral,neutral,neutral,neutral,neutral,neutral,neutral,neutral,neutral,neutral,neutral,neutral,neutral,neutral,neutral,neutral,neutral,neutral,neutral,neutral,neutral,neutral,neutral,neutral,neutral,neutral,neutral,neutral",67.18,89.57,57.02,84.88,0.39,High Engagement,,"neutral,neutral,neutral,neutral,neutral,neutral,neutral,neutral,neutral,neutral,neutral,neutral,neutral,neutral,anger,neutral,neutral,neutral,neutral,neutral,neutral,neutral,neutral,neutral,neutral,neutral,neutral,neutral,neutral,neutral,neutral,neutral,neutral,neutral",80.35,92.36,64.95,80.83,0.25,High Engagement,,"neutral,neutral,joy,joy,neutral,neutral,neutral,neutral,neutral,neutral,neutral,neutral,anger,neutral,neutral,neutral,neutral,neutral,neutral,anger,neutral,neutral,anger,anger,anger,anger,anger,anger,neutral,anger,anger,anger,anger,anger,anger,neutral,neutral,neutral,neutral,neutral,neutral",52.4,109.17,41.0,78.24,0.41,High Engagement,,"neutral,neutral,neutral,neutral,neutral,neutral,neutral,neutral,neutral,neutral,neutral,neutral,neutral,neutral,neutral,neutral,anger,anger,neutral,neutral,anger,neutral,neutral,neutral,neutral,neutral,neutral",70.13,107.89,55.38,78.97,1.19,Moderate Engagement,,"neutral,neutral,neutral,neutral,neutral,neutral,neutral,neutral,neutral,neutral,neutral,neutral,neutral,neutral,neutral,neutral,neutral,neutral,neutral,neutral,neutral,neutral,neutral,neutral,neutral,neutral,neutral,neutral,neutral,neutral,neutral,neutral,neutral,neutral,neutral,anger",58.47,97.45,53.65,91.76,0.06,High Engagement,,"neutral,neutral,neutral,neutral,neutral,neutral,neutral,neutral,neutral,neutral,neutral,neutral,neutral,neutral,anger,neutral,neutral,neutral,neutral,anger,anger,anger,neutral,neutral,neutral,neutral,neutral,neutral,neutral,neutral"
136,95.98,110.32,78.0,81.27,0.99,Moderate Engagement,,"joy,surprise,joy,joy,surprise,joy,joy,surprise,joy,joy,joy,joy,surprise,joy,joy,joy,joy,joy,surprise,joy,joy,joy,joy,joy,joy,joy,joy,joy,joy,surprise,joy,joy,joy,joy,surprise,surprise,neutral,joy,neutral,joy,joy,joy,joy,joy,joy,joy,surprise,joy",111.13,137.2,76.17,68.54,0.59,Moderate Engagement,,"joy,joy,joy,joy,joy,joy,joy,joy,surprise,neutral,anger,surprise,joy,joy,neutral,joy,joy,joy,joy,joy,neutral,neutral,joy,joy,joy,joy,neutral,neutral,joy,neutral,joy,joy,neutral,joy,joy,neutral,neutral,neutral,joy,neutral,joy,anger,joy,joy,joy,joy,joy,joy,joy,joy,joy,joy,joy,joy,neutral,neutral",88.25,117.67,70.68,80.09,0.55,Moderate Engagement,,"joy,neutral,joy,joy,neutral,neutral,joy,joy,neutral,joy,neutral,joy,joy,neutral,neutral,neutral,neutral,neutral,joy,neutral,joy,joy,joy,joy,joy,neutral,joy,neutral,neutral,joy,joy,neutral,neutral,neutral,neutral,neutral,anger,neutral,neutral,neutral,neutral,neutral,neutral,neutral,joy",111.03,127.62,77.15,69.49,0.57,Moderate Engagement,,"joy,joy,surprise,surprise,joy,joy,joy,joy,joy,joy,joy,joy,joy,joy,joy,joy,joy,joy,joy,joy,joy,joy,joy,joy,joy,neutral,joy,neutral,neutral,neutral,joy,anger,neutral,anger,sadness,joy,neutral,neutral,anger,joy,joy,neutral,joy,joy,joy,neutral,joy,joy,joy,joy,joy,joy,joy,joy,joy,joy",48.77,101.6,40.25,82.53,0.45,High Engagement,,"surprise,joy,neutral,neutral,joy,joy,neutral,neutral,neutral,joy,joy,joy,neutral,neutral,neutral,joy,joy,neutral,joy,joy,neutral,joy,neutral,joy,neutral",74.07,113.95,64.77,87.44,2.21,Low Engagement,,"joy,joy,joy,joy,joy,joy,joy,neutral,neutral,neutral,neutral,neutral,neutral,joy,joy,neutral,neutral,neutral,neutral,joy,joy,joy,joy,neutral,neutral,joy,joy,joy,joy,joy,joy,joy,joy,joy,neutral,neutral,neutral,neutral",64.27,107.12,56.7,88.22,0.76,Moderate Engagement,,"joy,joy,joy,joy,joy,neutral,joy,joy,joy,joy,joy,joy,joy,joy,joy,joy,joy,anger,anger,joy,joy,joy,joy,anger,anger,anger,anger,neutral,joy,joy,joy,joy,neutral"
137,51.15,58.79,34.43,67.31,1.34,Moderate Engagement,,"neutral,neutral,neutral,neutral,neutral,anger,neutral,neutral,neutral,neutral,neutral,neutral,neutral,neutral,neutral,neutral,neutral,neutral,neutral,neutral,neutral,neutral,neutral,neutral,neutral,neutral",81.7,100.86,72.15,88.31,0.33,High Engagement,,"neutral,neutral,neutral,neutral,neutral,neutral,neutral,neutral,neutral,neutral,neutral,neutral,neutral,neutral,neutral,neutral,neutral,neutral,neutral,neutral,neutral,neutral,neutral,neutral,neutral,neutral,neutral,neutral,neutral,neutral,neutral,neutral,neutral,neutral,neutral,neutral,neutral,neutral,neutral,neutral,neutral",77.5,103.33,52.63,67.91,1.03,Moderate Engagement,,"neutral,neutral,neutral,neutral,neutral,neutral,neutral,neutral,neutral,neutral,neutral,neutral,neutral,neutral,neutral,neutral,neutral,neutral,neutral,neutral,neutral,neutral,neutral,neutral,neutral,neutral,neutral,neutral,neutral,neutral,neutral,neutral,neutral,neutral,neutral,neutral,neutral,neutral,neutral",110.65,127.18,63.35,57.25,0.47,High Engagement,,"neutral,neutral,neutral,neutral,joy,joy,joy,neutral,anger,anger,neutral,neutral,neutral,anger,neutral,neutral,neutral,neutral,neutral,neutral,neutral,neutral,neutral,neutral,neutral,neutral,neutral,neutral,neutral,neutral,neutral,neutral,neutral,neutral,neutral,neutral,neutral,neutral,neutral,neutral,neutral,neutral,neutral,neutral,neutral,neutral,neutral,neutral,neutral,neutral,neutral,neutral,neutral,sadness,neutral,neutral",50.75,105.73,21.43,42.23,2.05,Low Engagement,,"neutral,neutral,neutral,neutral,neutral,neutral,neutral,neutral,neutral,neutral,neutral,neutral,neutral,neutral,neutral,neutral,neutral,neutral,neutral,neutral,neutral,neutral,neutral,neutral,neutral,neutral",67.58,103.97,60.53,89.57,0.5,High Engagement,,"neutral,neutral,neutral,neutral,neutral,neutral,neutral,neutral,neutral,neutral,neutral,neutral,neutral,neutral,neutral,neutral,neutral,neutral,neutral,neutral,neutral,neutral,neutral,neutral,neutral,neutral,neutral,neutral,neutral,neutral,neutral,neutral,neutral,neutral",59.05,98.42,54.43,92.18,0.2,High Engagement,,"neutral,anger,neutral,neutral,neutral,neutral,neutral,neutral,neutral,neutral,neutral,neutral,neutral,neutral,neutral,neutral,neutral,neutral,neutral,neutral,neutral,neutral,neutral,neutral,neutral,neutral,neutral,neutral,neutral,neutral"
138,64.3,73.91,53.55,83.28,0.8,Moderate Engagement,,"neutral,neutral,neutral,surprise,surprise,neutral,neutral,neutral,neutral,neutral,neutral,neutral,neutral,neutral,neutral,neutral,neutral,anger,anger,neutral,neutral,anger,neutral,neutral,anger,neutral,neutral,neutral,anger,anger,neutral,neutral,anger",73.72,91.01,56.72,76.94,1.11,Moderate Engagement,,"neutral,neutral,neutral,neutral,neutral,neutral,neutral,neutral,neutral,neutral,neutral,neutral,neutral,surprise,surprise,neutral,neutral,neutral,neutral,neutral,neutral,neutral,neutral,neutral,neutral,neutral,neutral,neutral,neutral,neutral,neutral,neutral,neutral,neutral,neutral,neutral,neutral",56.33,75.11,40.43,71.77,1.85,Low Engagement,,"neutral,neutral,neutral,sadness,neutral,neutral,neutral,neutral,surprise,surprise,neutral,neutral,neutral,neutral,neutral,neutral,neutral,neutral,neutral,anger,neutral,surprise,surprise,neutral,neutral,neutral,neutral,neutral,neutral",78.47,90.2,47.93,61.08,1.15,Moderate Engagement,,"neutral,neutral,neutral,neutral,neutral,neutral,neutral,anger,neutral,anger,neutral,neutral,neutral,anger,anger,neutral,neutral,neutral,neutral,neutral,neutral,neutral,neutral,anger,anger,anger,anger,neutral,anger,neutral,neutral,neutral,neutral,neutral,neutral,neutral,neutral,neutral,neutral,neutral",40.03,83.4,30.42,75.99,1.05,Moderate Engagement,,"neutral,neutral,neutral,neutral,neutral,neutral,neutral,neutral,neutral,surprise,surprise,surprise,neutral,neutral,neutral,neutral,neutral,neutral,neutral,neutral,anger",63.6,97.85,51.7,81.29,1.18,Moderate Engagement,,"neutral,neutral,neutral,neutral,neutral,neutral,anger,neutral,surprise,surprise,neutral,surprise,surprise,neutral,neutral,neutral,surprise,anger,neutral,neutral,anger,anger,neutral,neutral,neutral,neutral,neutral,neutral,neutral,neutral,neutral,neutral",20.98,34.97,18.85,89.85,2.39,Low Engagement,,"neutral,neutral,neutral,neutral,neutral,neutral,neutral,neutral,neutral,surprise,neutral"
139,91.28,104.92,70.43,77.16,1.41,Moderate Engagement,,"surprise,surprise,surprise,neutral,surprise,neutral,neutral,anger,neutral,neutral,anger,anger,anger,neutral,neutral,surprise,surprise,anger,anger,neutral,surprise,neutral,neutral,surprise,surprise,surprise,anger,neutral,neutral,anger,anger,neutral,surprise,neutral,anger,anger,surprise,neutral,anger,surprise,surprise,anger,sadness,surprise,neutral,neutral",78.43,96.83,48.62,61.99,0.91,Moderate Engagement,,"neutral,joy,anger,neutral,neutral,anger,neutral,neutral,neutral,neutral,anger,neutral,neutral,neutral,neutral,anger,neutral,neutral,neutral,neutral,anger,anger,neutral,neutral,neutral,neutral,sadness,anger,sadness,anger,anger,surprise,neutral,neutral,sadness,neutral,neutral,neutral,neutral,joy",17.52,23.36,13.47,76.88,1.78,Low Engagement,,"neutral,joy,neutral,neutral,surprise,neutral,anger,neutral,neutral",103.52,118.99,57.27,55.32,0.86,Moderate Engagement,,"surprise,surprise,surprise,surprise,surprise,surprise,surprise,joy,joy,neutral,neutral,anger,anger,neutral,neutral,neutral,neutral,anger,anger,neutral,surprise,surprise,surprise,sadness,neutral,neutral,anger,anger,neutral,neutral,neutral,neutral,anger,neutral,anger,anger,neutral,anger,anger,neutral,neutral,neutral,neutral,anger,neutral,neutral,neutral,neutral,neutral,surprise,surprise,surprise",60.0,125.0,44.45,74.08,0.79,Moderate Engagement,,"neutral,neutral,neutral,neutral,neutral,neutral,neutral,neutral,neutral,anger,neutral,neutral,neutral,neutral,anger,neutral,neutral,anger,anger,neutral,neutral,anger,anger,neutral,sadness,neutral,neutral,neutral,neutral,neutral",86.65,133.31,71.23,82.2,0.55,Moderate Engagement,,"neutral,neutral,neutral,surprise,surprise,surprise,surprise,neutral,surprise,neutral,neutral,neutral,neutral,surprise,neutral,surprise,neutral,neutral,neutral,neutral,neutral,neutral,neutral,neutral,neutral,neutral,neutral,neutral,neutral,anger,neutral,neutral,neutral,neutral,neutral,neutral,surprise,neutral,neutral,anger,surprise,anger,anger,surprise",52.28,87.13,36.95,70.68,0.97,Moderate Engagement,,"neutral,anger,sadness,anger,anger,anger,neutral,anger,neutral,neutral,sadness,surprise,neutral,sadness,sadness,surprise,surprise,neutral,neutral,anger,sadness,neutral,anger,anger,anger,anger,neutral"
140,86.47,99.39,78.95,91.3,0.85,Moderate Engagement,,"joy,joy,joy,surprise,surprise,surprise,joy,anger,surprise,surprise,surprise,surprise,surprise,anger,anger,joy,anger,anger,surprise,surprise,surprise,neutral,surprise,surprise,neutral,neutral,neutral,surprise,surprise,neutral,neutral,neutral,surprise,surprise,neutral,anger,surprise,surprise,neutral,neutral,sadness,surprise,surprise,neutral",78.07,96.38,55.57,71.18,1.33,Moderate Engagement,,"anger,joy,joy,surprise,surprise,anger,anger,anger,anger,anger,anger,neutral,neutral,neutral,neutral,neutral,neutral,neutral,neutral,neutral,neutral,neutral,joy,surprise,surprise,surprise,neutral,sadness,sadness,sadness,surprise,anger,anger,anger,anger,anger,neutral,neutral,neutral,anger",96.35,128.47,67.08,69.62,1.98,Low Engagement,,"neutral,anger,anger,anger,surprise,anger,anger,joy,joy,neutral,surprise,neutral,neutral,neutral,surprise,anger,anger,surprise,surprise,surprise,surprise,surprise,anger,surprise,neutral,neutral,anger,surprise,surprise,surprise,surprise,surprise,anger,anger,anger,anger,anger,anger,anger,anger,anger,anger,anger,anger,anger,neutral,surprise,anger,neutral",93.77,107.78,61.47,65.55,0.81,Moderate Engagement,,"neutral,neutral,surprise,neutral,neutral,joy,neutral,anger,anger,anger,anger,anger,anger,anger,anger,surprise,surprise,surprise,neutral,joy,neutral,neutral,surprise,surprise,neutral,surprise,anger,surprise,anger,neutral,anger,anger,anger,anger,anger,anger,anger,anger,anger,anger,anger,anger,neutral,surprise,neutral,neutral,neutral",53.03,110.48,39.98,75.39,0.88,Moderate Engagement,,"neutral,neutral,anger,surprise,surprise,surprise,neutral,anger,anger,anger,surprise,anger,anger,anger,anger,neutral,anger,joy,joy,anger,anger,anger,anger,neutral,anger,neutral,surprise",80.18,123.35,67.05,83.62,1.19,Moderate Engagement,,"neutral,surprise,neutral,neutral,surprise,surprise,surprise,neutral,neutral,surprise,surprise,neutral,neutral,neutral,neutral,neutral,neutral,neutral,neutral,neutral,sadness,neutral,neutral,joy,joy,anger,anger,anger,anger,anger,anger,surprise,surprise,neutral,anger,anger,anger,neutral,anger,neutral,surprise",65.7,109.5,59.53,90.61,0.39,High Engagement,,"neutral,anger,surprise,neutral,anger,neutral,neutral,joy,surprise,anger,anger,anger,anger,surprise,surprise,neutral,anger,anger,anger,anger,neutral,neutral,neutral,neutral,neutral,neutral,neutral,neutral,neutral,surprise,surprise,neutral,neutral"
141,93.58,107.56,73.55,78.6,0.99,Moderate Engagement,,"surprise,surprise,joy,joy,surprise,surprise,joy,joy,joy,surprise,surprise,joy,surprise,surprise,surprise,joy,surprise,surprise,neutral,surprise,surprise,joy,joy,surprise,surprise,surprise,surprise,anger,neutral,surprise,surprise,surprise,surprise,joy,joy,joy,joy,surprise,surprise,anger,joy,neutral,anger,joy,surprise,surprise,surprise",81.55,100.68,51.88,63.62,0.6,Moderate Engagement,,"joy,anger,anger,joy,joy,joy,neutral,neutral,joy,neutral,surprise,neutral,neutral,neutral,joy,surprise,surprise,neutral,neutral,anger,anger,anger,neutral,anger,neutral,surprise,neutral,neutral,neutral,neutral,neutral,neutral,neutral,neutral,neutral,neutral,anger,neutral,joy,joy,joy",69.92,93.23,53.42,76.4,0.54,Moderate Engagement,,"surprise,joy,surprise,joy,joy,joy,surprise,neutral,surprise,surprise,neutral,neutral,surprise,neutral,surprise,surprise,neutral,anger,neutral,anger,surprise,anger,surprise,anger,neutral,neutral,anger,neutral,neutral,surprise,surprise,anger,anger,neutral,anger",104.15,119.71,70.68,67.86,0.51,Moderate Engagement,,"joy,joy,joy,joy,joy,joy,joy,joy,joy,neutral,neutral,joy,surprise,surprise,surprise,surprise,surprise,surprise,surprise,surprise,surprise,surprise,surprise,surprise,surprise,neutral,anger,surprise,surprise,anger,surprise,anger,anger,anger,surprise,surprise,anger,anger,anger,surprise,surprise,surprise,anger,joy,joy,joy,surprise,neutral,neutral,neutral,surprise,surprise,surprise",50.5,105.21,37.97,75.19,0.26,High Engagement,,"joy,joy,neutral,neutral,surprise,neutral,surprise,surprise,surprise,neutral,neutral,neutral,surprise,neutral,surprise,surprise,neutral,neutral,surprise,neutral,surprise,anger,anger,surprise,surprise,surprise",67.85,104.38,51.37,75.71,0.6,Moderate Engagement,,"joy,surprise,joy,joy,joy,joy,joy,surprise,neutral,surprise,surprise,neutral,joy,neutral,surprise,neutral,neutral,neutral,neutral,neutral,neutral,neutral,surprise,surprise,surprise,neutral,neutral,neutral,surprise,neutral,surprise,neutral,neutral,neutral",57.12,95.2,40.67,71.2,0.25,High Engagement,,"neutral,anger,anger,surprise,surprise,neutral,neutral,surprise,surprise,surprise,surprise,surprise,surprise,surprise,surprise,neutral,surprise,neutral,neutral,surprise,anger,anger,anger,joy,joy,anger,surprise,neutral,neutral"
142,77.5,89.08,69.9,90.19,0.63,Moderate Engagement,,"joy,joy,surprise,surprise,surprise,neutral,neutral,anger,surprise,surprise,surprise,surprise,surprise,neutral,surprise,surprise,surprise,surprise,surprise,neutral,surprise,neutral,surprise,surprise,neutral,surprise,neutral,neutral,surprise,surprise,neutral,neutral,surprise,surprise,surprise,surprise,surprise,neutral,neutral",71.0,87.65,65.02,91.58,0.46,High Engagement,,"neutral,anger,neutral,neutral,neutral,neutral,neutral,neutral,neutral,neutral,neutral,surprise,neutral,neutral,neutral,neutral,neutral,neutral,neutral,neutral,neutral,neutral,anger,neutral,neutral,neutral,neutral,neutral,neutral,neutral,neutral,neutral,neutral,neutral,neutral,neutral",74.87,99.83,57.97,77.43,0.45,High Engagement,,"joy,joy,joy,joy,neutral,neutral,neutral,neutral,neutral,neutral,neutral,neutral,neutral,neutral,neutral,neutral,neutral,neutral,neutral,neutral,neutral,neutral,neutral,neutral,neutral,neutral,neutral,neutral,neutral,neutral,neutral,neutral,neutral,anger,neutral,neutral,neutral,anger",79.77,91.69,71.1,89.13,0.3,High Engagement,,"neutral,neutral,neutral,neutral,neutral,neutral,neutral,neutral,surprise,neutral,neutral,neutral,neutral,neutral,neutral,neutral,neutral,neutral,neutral,neutral,surprise,surprise,neutral,surprise,neutral,surprise,surprise,neutral,neutral,neutral,neutral,neutral,anger,neutral,neutral,surprise,neutral,surprise,surprise,neutral",45.93,95.69,37.3,81.21,0.29,High Engagement,,"neutral,neutral,neutral,neutral,neutral,neutral,neutral,neutral,neutral,neutral,neutral,neutral,neutral,neutral,neutral,neutral,neutral,neutral,neutral,neutral,neutral,neutral,neutral",69.02,106.18,62.13,90.02,0.84,Moderate Engagement,,"surprise,surprise,surprise,neutral,neutral,neutral,neutral,neutral,neutral,neutral,neutral,neutral,neutral,neutral,neutral,neutral,neutral,neutral,neutral,neutral,neutral,neutral,neutral,neutral,neutral,sadness,neutral,neutral,neutral,neutral,neutral,neutral,neutral,neutral,neutral",65.83,109.72,57.1,86.74,0.39,High Engagement,,"surprise,neutral,neutral,neutral,surprise,neutral,neutral,neutral,neutral,neutral,neutral,neutral,neutral,neutral,neutral,neutral,neutral,neutral,neutral,neutral,neutral,neutral,neutral,neutral,surprise,neutral,neutral,neutral,neutral,neutral,neutral,neutral,neutral"
143,8.63,9.92,0.0,0.0,0.0,High Engagement,,,0.0,0.0,0.0,0.0,0.0,High Engagement,,,0.0,0.0,0.0,0.0,0.0,High Engagement,,,0.0,0.0,0.0,0.0,0.0,High Engagement,,,0.0,0.0,0.0,0.0,0.0,High Engagement,,,0.0,0.0,0.0,0.0,0.0,High Engagement,,,0.0,0.0,0.0,0.0,0.0,High Engagement,,
144,86.47,99.39,78.95,91.3,0.85,Moderate Engagement,,"joy,joy,joy,surprise,surprise,surprise,joy,anger,surprise,surprise,surprise,surprise,surprise,anger,anger,joy,anger,anger,surprise,surprise,surprise,neutral,surprise,surprise,neutral,neutral,neutral,surprise,surprise,neutral,neutral,neutral,surprise,surprise,neutral,anger,surprise,surprise,neutral,neutral,sadness,surprise,surprise,neutral",78.07,96.38,55.57,71.18,1.33,Moderate Engagement,,"anger,joy,joy,surprise,surprise,anger,anger,anger,anger,anger,anger,neutral,neutral,neutral,neutral,neutral,neutral,neutral,neutral,neutral,neutral,neutral,joy,surprise,surprise,surprise,neutral,sadness,sadness,sadness,surprise,anger,anger,anger,anger,anger,neutral,neutral,neutral,anger",96.35,128.47,67.08,69.62,1.98,Low Engagement,,"neutral,anger,anger,anger,surprise,anger,anger,joy,joy,neutral,surprise,neutral,neutral,neutral,surprise,anger,anger,surprise,surprise,surprise,surprise,surprise,anger,surprise,neutral,neutral,anger,surprise,surprise,surprise,surprise,surprise,anger,anger,anger,anger,anger,anger,anger,anger,anger,anger,anger,anger,anger,neutral,surprise,anger,neutral",93.77,107.78,61.47,65.55,0.81,Moderate Engagement,,"neutral,neutral,surprise,neutral,neutral,joy,neutral,anger,anger,anger,anger,anger,anger,anger,anger,surprise,surprise,surprise,neutral,joy,neutral,neutral,surprise,surprise,neutral,surprise,anger,surprise,anger,neutral,anger,anger,anger,anger,anger,anger,anger,anger,anger,anger,anger,anger,neutral,surprise,neutral,neutral,neutral",53.03,110.48,39.98,75.39,0.88,Moderate Engagement,,"neutral,neutral,anger,surprise,surprise,surprise,neutral,anger,anger,anger,surprise,anger,anger,anger,anger,neutral,anger,joy,joy,anger,anger,anger,anger,neutral,anger,neutral,surprise",80.18,123.35,67.05,83.62,1.19,Moderate Engagement,,"neutral,surprise,neutral,neutral,surprise,surprise,surprise,neutral,neutral,surprise,surprise,neutral,neutral,neutral,neutral,neutral,neutral,neutral,neutral,neutral,sadness,neutral,neutral,joy,joy,anger,anger,anger,anger,anger,anger,surprise,surprise,neutral,anger,anger,anger,neutral,anger,neutral,surprise",65.7,109.5,59.53,90.61,0.39,High Engagement,,"neutral,anger,surprise,neutral,anger,neutral,neutral,joy,surprise,anger,anger,anger,anger,surprise,surprise,neutral,anger,anger,anger,anger,neutral,neutral,neutral,neutral,neutral,neutral,neutral,neutral,neutral,surprise,surprise,neutral,neutral"
145,81.88,94.11,64.52,78.8,0.42,High Engagement,,"joy,joy,joy,joy,neutral,joy,neutral,neutral,joy,neutral,neutral,neutral,neutral,joy,joy,neutral,neutral,joy,joy,joy,neutral,neutral,joy,neutral,neutral,anger,neutral,neutral,neutral,anger,anger,joy,neutral,neutral,neutral,neutral,joy,joy,joy,joy,joy",75.2,92.84,61.03,81.16,0.43,High Engagement,,"joy,joy,neutral,neutral,neutral,neutral,neutral,joy,neutral,neutral,neutral,neutral,neutral,anger,anger,neutral,anger,anger,neutral,neutral,anger,anger,anger,anger,neutral,neutral,anger,neutral,neutral,sadness,joy,neutral,neutral,neutral,joy,joy,joy,joy",66.53,88.71,48.72,73.23,0.51,Moderate Engagement,,"joy,joy,neutral,neutral,neutral,neutral,neutral,neutral,neutral,neutral,neutral,joy,joy,joy,neutral,neutral,neutral,neutral,joy,neutral,neutral,neutral,neutral,neutral,neutral,neutral,joy,neutral,neutral,neutral,neutral,neutral,joy,joy",55.45,63.74,40.7,73.4,0.71,Moderate Engagement,,"joy,joy,neutral,neutral,neutral,neutral,neutral,neutral,joy,neutral,joy,neutral,neutral,neutral,neutral,neutral,neutral,joy,joy,neutral,neutral,joy,joy,joy,joy,joy,joy,joy",47.82,99.62,28.52,59.64,0.6,Moderate Engagement,,"joy,joy,neutral,neutral,neutral,neutral,neutral,neutral,neutral,neutral,neutral,neutral,neutral,neutral,neutral,neutral,neutral,neutral,neutral,neutral,neutral,neutral,joy,joy",65.87,101.34,56.38,85.59,0.46,High Engagement,,"neutral,joy,joy,joy,neutral,neutral,neutral,neutral,neutral,neutral,neutral,neutral,neutral,neutral,neutral,neutral,neutral,neutral,neutral,neutral,anger,neutral,neutral,anger,anger,neutral,neutral,neutral,neutral,anger,neutral,neutral,anger",57.75,96.25,52.95,91.69,0.7,Moderate Engagement,,"neutral,neutral,neutral,neutral,neutral,neutral,neutral,neutral,neutral,neutral,neutral,neutral,neutral,neutral,neutral,neutral,neutral,neutral,neutral,neutral,neutral,neutral,neutral,neutral,joy,neutral,neutral,neutral,joy"
146,90.75,104.31,68.07,75.01,1.1,Moderate Engagement,,"neutral,neutral,neutral,neutral,neutral,neutral,neutral,surprise,surprise,surprise,neutral,neutral,neutral,neutral,neutral,neutral,neutral,neutral,neutral,neutral,neutral,neutral,neutral,neutral,surprise,surprise,surprise,anger,neutral,neutral,neutral,neutral,neutral,anger,neutral,neutral,neutral,neutral,neutral,neutral,neutral,neutral,neutral,neutral,surprise,surprise",80.28,99.11,44.77,55.77,1.27,Moderate Engagement,,"neutral,neutral,neutral,surprise,surprise,surprise,neutral,neutral,neutral,neutral,neutral,neutral,neutral,neutral,neutral,neutral,neutral,neutral,neutral,neutral,neutral,neutral,neutral,neutral,neutral,neutral,neutral,neutral,neutral,neutral,neutral,neutral,neutral,neutral,neutral,neutral,neutral,neutral,neutral,neutral,neutral",76.82,102.43,65.98,85.89,0.97,Moderate Engagement,,"neutral,neutral,neutral,neutral,neutral,neutral,neutral,neutral,neutral,neutral,neutral,neutral,neutral,surprise,surprise,surprise,neutral,neutral,neutral,neutral,neutral,neutral,neutral,neutral,neutral,neutral,neutral,neutral,neutral,neutral,neutral,neutral,neutral,neutral,neutral,neutral,neutral,neutral,neutral",84.82,97.49,60.72,71.59,0.97,Moderate Engagement,,"neutral,neutral,neutral,neutral,neutral,surprise,neutral,neutral,neutral,neutral,neutral,neutral,neutral,neutral,neutral,neutral,neutral,neutral,neutral,neutral,neutral,neutral,surprise,surprise,neutral,neutral,sadness,neutral,neutral,neutral,anger,sadness,sadness,anger,anger,anger,anger,neutral,neutral,neutral,neutral,neutral,neutral",55.85,116.35,32.67,58.5,1.65,Low Engagement,,"surprise,surprise,surprise,neutral,neutral,neutral,surprise,surprise,neutral,neutral,neutral,neutral,anger,neutral,neutral,neutral,neutral,anger,neutral,neutral,neutral,neutral,neutral,neutral,neutral,neutral,neutral,neutral",73.82,113.57,44.65,60.48,1.84,Low Engagement,,"neutral,neutral,surprise,surprise,surprise,surprise,neutral,neutral,neutral,neutral,neutral,neutral,neutral,neutral,neutral,neutral,neutral,neutral,neutral,neutral,neutral,surprise,surprise,surprise,neutral,neutral,neutral,neutral,neutral,neutral,surprise,sadness,sadness,sadness,sadness,sadness,neutral",58.88,98.13,28.25,47.98,1.63,Low Engagement,,"neutral,neutral,neutral,neutral,neutral,neutral,neutral,neutral,neutral,neutral,neutral,neutral,neutral,anger,anger,neutral,neutral,neutral,neutral,neutral,neutral,neutral,neutral,neutral,neutral,neutral,neutral,neutral,neutral,neutral"
147,82.3,94.6,62.57,76.03,2.21,Low Engagement,,"neutral,neutral,neutral,neutral,anger,neutral,anger,neutral,neutral,neutral,neutral,neutral,surprise,neutral,neutral,neutral,neutral,anger,anger,neutral,neutral,neutral,anger,anger,neutral,neutral,neutral,surprise,neutral,surprise,surprise,surprise,neutral,neutral,neutral,neutral,neutral,neutral,neutral,neutral,neutral,neutral",76.42,94.35,55.33,72.4,2.33,Low Engagement,,"neutral,neutral,neutral,neutral,neutral,neutral,neutral,neutral,anger,surprise,neutral,neutral,anger,anger,neutral,neutral,neutral,anger,neutral,neutral,neutral,neutral,surprise,joy,joy,surprise,neutral,neutral,neutral,neutral,neutral,neutral,neutral,anger,anger,neutral,neutral,neutral,neutral",66.5,88.67,49.65,74.66,2.2,Low Engagement,,"neutral,neutral,neutral,neutral,neutral,neutral,neutral,anger,anger,anger,neutral,neutral,neutral,neutral,neutral,neutral,neutral,neutral,neutral,neutral,neutral,neutral,surprise,neutral,neutral,neutral,anger,neutral,anger,neutral,neutral,neutral,neutral,neutral",104.38,119.98,57.38,54.97,1.53,Low Engagement,,"neutral,anger,neutral,anger,neutral,neutral,neutral,neutral,anger,anger,neutral,neutral,neutral,neutral,neutral,neutral,neutral,neutral,neutral,neutral,neutral,neutral,neutral,neutral,neutral,neutral,anger,anger,surprise,neutral,neutral,neutral,neutral,neutral,neutral,neutral,neutral,neutral,neutral,neutral,neutral,neutral,neutral,neutral,neutral,neutral,neutral,neutral,neutral,neutral,neutral,neutral,neutral",46.87,97.65,40.27,85.92,1.09,Moderate Engagement,,"neutral,neutral,neutral,neutral,neutral,neutral,neutral,neutral,neutral,neutral,neutral,neutral,joy,anger,surprise,neutral,neutral,neutral,neutral,neutral,neutral,neutral,neutral,neutral",67.57,103.95,55.53,82.18,2.11,Low Engagement,,"neutral,anger,neutral,neutral,neutral,neutral,neutral,neutral,neutral,surprise,surprise,neutral,neutral,neutral,neutral,neutral,neutral,neutral,neutral,neutral,neutral,neutral,neutral,neutral,neutral,neutral,surprise,neutral,neutral,neutral,neutral,neutral,neutral,neutral",56.25,93.75,45.45,80.8,0.99,Moderate Engagement,,"neutral,neutral,neutral,neutral,neutral,neutral,neutral,neutral,neutral,neutral,neutral,neutral,neutral,neutral,neutral,neutral,neutral,neutral,anger,neutral,neutral,neutral,neutral,neutral,neutral,neutral,neutral,neutral,neutral"
